,PM25-Metal-Zn,PM25-Metal-Pb,PM25-Metal-Ba,PM25-Metal-Cu,PM25-Metal-Sr,PM25-Metal-Cr,PM25-Metal-As,PM25-Metal-Cd,PM25-Metal-Ni
0,0.0768467110209,0.0267118926114,0.00542586829133,0.00624579964201,0.00209131957855,0.00184745918626,0.00183534526079,0.000890655511672,0.00132770724576
1,0.0841299196796,0.0316452267654,0.0134619561684,0.0104238243441,0.00683752801245,0.00281665055635,0.00254298236679,0.000672108703473,0.000580357258963
2,0.286183730461,0.11792063584,0.0149200858647,0.0564844101891,0.00814819177012,0.00355578327674,0.0100615061489,0.00448193893879,0.00287725532083
3,0.0284429476868,0.00984827140388,0.00380594780311,0.00346525707923,0.00150987719357,0.00197375913986,0.000564915115661,0.000242846483648,0.000825402070593
4,0.0324464287465,0.0171269556548,0.0153365428601,0.00698900471492,0.0034594349569,8.45067192855e-05,0.00117774117354,0.000253573995223,0.000416289126597
5,0.00875756276003,0.00532256961111,0.0094699764572,0.00157531697656,0.00281673078999,,0.00166553277722,0.000105668831331,0.00023763293168
6,0.0311378946582,0.0160433015361,0.00614355428016,0.00309079996844,0.00155979617686,2.89057587927e-05,0.00116456130267,0.000356731603799,0.00113496098373
7,0.160970148755,0.0380890222239,0.0242770608112,0.00899264612609,0.00641462960885,0.00131622721813,0.00393902813418,0.0121907674659,0.00277189624143
8,0.0152724383057,0.00470767167747,0.00278380487744,0.000950597727292,0.00153895993293,0.000714550355681,0.00141803575075,8.90801673404e-05,0.00106742431914
9,0.102884684562,0.0904774998339,0.00776950624564,0.0214299457244,0.00300603298063,0.00299691368227,0.00255292854889,0.00103064030265,0.0020352206322
10,0.108099012147,0.101123451338,0.00833113416194,0.0461129714528,0.00348814463867,0.00243364479653,0.0070291413486,0.00161746510527,0.000768353923996
11,0.0371269442506,0.0464209514612,0.00523257974879,0.0169211892954,0.00248994778946,0.00151969853295,0.0025800416189,0.000515090963465,0.000255906644071
12,0.0863715373657,0.0153186554747,0.0036468621791,0.00517524357372,0.00152724121461,0.00233311381449,0.000462560404371,0.000325574222595,0.0013381219343
13,0.0269103719357,0.0142184681681,0.006665686767,0.00674583057602,0.00349101484172,0.00168262335236,,0.000391752983913,0.000363537768552
14,0.0148393161612,0.00440963636288,0.00536551032527,0.00248869224349,0.00242607000336,0.000971772341654,0.00134984826653,0.000228677377428,0.000689261140202
15,0.0791271595305,0.0440128119663,0.00583526365431,0.0171193983588,0.00240966930508,0.00143786799626,0.00246857712683,0.00117035903189,0.0011992431287
16,0.0511101806023,0.00825176074766,0.00556960697819,0.00229158296989,0.00277886712357,0.00095968556594,0.000194926612669,0.00127630604361,0.000442108992731
17,0.0615993556172,0.0210387792325,0.0196052684617,0.00696626164109,0.0105689967268,0.0026991535752,0.000983605939138,0.000893517333909,0.00189189273164
18,0.0320883664905,0.0170768551389,0.00416962795838,0.00354437774232,0.00153810081771,0.000544779076918,0.000722593434218,0.000917187209148,0.000419631074658
19,0.0344667674222,0.00975933870124,0.00167479432259,0.00250488846163,0.000711572458412,0.000425796091589,7.80763618394e-05,0.000144921848398,0.000700120466418
20,0.214872254446,0.0672616717218,0.00749665988034,0.0224651213229,0.00232451013794,0.00260123628885,0.00170208930946,0.00207275303307,0.00156124189796
21,0.0181082811514,0.00351707192805,0.00829440520878,0.0019338675132,0.00287735034714,0.00177955913862,0.000827212424841,0.00028410503106,0.000542899212703
22,0.0865368173813,0.116448308343,0.00689819503746,0.0766445449901,0.00263201782659,0.000910363343357,0.00361317896779,0.00107204523932,0.000740637013839
23,0.0665100249513,0.0240497677991,0.011818948225,0.00743877941952,0.00414269067418,0.00159754488955,0.00284602694411,0.000748888067788,0.00156998268769
24,0.0720526382484,0.0303459381777,0.00333901300428,0.00917826822884,0.000872402260169,0.00194128430762,0.00216043474178,0.000637561427562,0.00156147916407
25,0.02848942585,0.0113153646151,0.00538361098309,0.00466865626155,0.00159690570205,0.000612628807979,0.00145737680148,0.000375048932292,0.000561511358022
26,0.0819039533676,0.0550078017874,0.00354897615615,0.0122956865857,0.00125057862571,0.00208988911093,0.00405708496371,0.00192506815793,0.000531939125268
27,0.0350285381926,0.0185682750216,0.00299422140745,0.00511060041855,0.00106119315539,0.00221783998804,0.00235693156225,0.00262490429013,0.0016497589606
28,0.090627429039,0.0486818223503,0.0053464324697,0.0206864928603,0.00183064892884,0.000949649369097,0.00215777754334,0.0010008392381,0.00118378408912
29,0.0145632924712,0.00641585980649,0.00348631609983,0.00369652115776,0.0012073447116,0.00222735127279,0.0006945494124,0.00031724853619,0.00136140343009
30,0.157056762166,0.0879424472679,0.00391776843548,0.0428913583707,0.00156062531141,0.00137127719648,0.00574293300531,0.00192652736256,0.00121166168411
31,0.0829183881206,0.0133836914826,0.00437412098754,0.00674228918365,0.00163853987429,0.00295410005027,0.00257791728945,0.00604479567462,0.00387098874621
32,0.143144052902,0.0667468349215,0.00333598597692,0.0213492261554,0.00118480589501,0.00151828632667,0.00254394756299,0.00238777632858,0.000934896696103
33,0.140114570566,0.0637059905225,0.00467470064207,0.0323215448829,0.00151531513984,0.00182859345798,0.00155819637265,0.000931244860496,0.00161908988213
34,0.0752074552787,0.0380767854666,0.00598318637366,0.00916637000611,0.00213889221619,0.00155889562194,0.00142074836046,0.000811881014582,0.000866594536672
35,0.210985937189,0.0794475125789,0.00419543461475,0.0496048462305,0.00151079541681,0.00418179213716,0.00350905905015,0.00452980944869,0.0025094040186
36,0.0855498744725,0.0333795209849,0.004054392259,0.0210569163925,0.000901950785897,0.00217271329711,0.00248838166683,0.00073353566444,0.00131548998106
37,0.122011611333,0.0246012916563,0.00542771241179,0.0201453700291,0.0016630845164,0.00136775927771,0.000258430581154,0.00393046977999,0.000765533997509
38,0.044351150391,0.0660453775454,0.00396110640878,0.0300986571088,0.00278913368691,0.000896908783573,0.00283182602303,0.00157416103564,0.000198651045149
39,0.0373626107042,0.0101924920132,0.00497476006298,0.00381600156205,0.00156494131919,0.000160695694802,0.000466354012521,0.000287273429743,0.000208091928428
40,0.0945317465748,0.0403481830109,0.00564015942871,0.0105452561654,0.0008525603255,0.00210344598522,0.00553196552354,0.00110706501702,0.00139798256248
41,0.106433074826,0.0526112460725,0.00472246105764,0.0114635510282,0.0013878361844,0.000888868053131,0.00581846099114,0.00787954000632,0.000994648064103
42,0.0309912835015,0.0166408928616,0.0104346691167,0.00177337299115,0.00254154337444,0.00556420526556,0.0018466929571,0.000489409285329,0.00100390486275
43,0.0601997180666,0.0350647956917,0.00542435771912,0.0351563366925,0.0082781253711,0.00148895501937,0.00176912295868,0.000648810855475,0.000428927448855
44,0.0481228910502,0.0254250722067,0.00406544823804,0.0165474424382,0.00138018703936,0.00153190001579,0.0019291742474,0.000547669693973,0.000452046049406
45,0.00845266325878,0.00958815724999,0.000752077744649,0.000672215485811,0.00039411101514,0.00114444695906,0.00088148539952,0.000734020032058,0.000186802885214
46,0.192008025923,0.0765975821199,0.00568376312236,0.0205963664915,0.00175837334607,0.00255990054629,0.00269014239246,0.0025265880398,0.00112227380928
47,0.132875128541,0.0893315421149,0.00406862691814,0.0450804034688,0.00167112360438,0.00286256200579,0.0124723959312,0.00242952693185,0.00117054636566
48,0.299417454934,0.147414429993,0.00743279273289,0.0945505725422,0.00280720095077,0.00218375555796,0.0127526710105,0.00578389077732,0.00177244491909
49,0.146047017043,0.0679902683602,0.00709250303302,0.015936523616,0.0020312255904,0.00333227904638,0.00281938194895,0.00182483256054,0.00135473587775
50,0.204376996805,0.0971934850455,0.00463109739631,0.0271594013635,0.00202168099312,0.00166741247294,0.00540135652709,0.00202604290872,0.00100413254008
51,0.0138284521367,0.0065745402633,0.000704923086507,0.00127495892687,0.000302601478467,0.000101730512064,0.000539053066988,0.000152621578969,6.89274056232e-05
52,0.131785886979,0.0744264347526,0.00486550832945,0.0185490047051,0.00276121467048,0.00230377294341,0.00476463613088,0.00182975223615,0.000692031904635
53,0.0673831287179,0.0343905359576,0.00745739868233,0.00635536954571,0.00420677324615,0.00222317636503,0.00085105283972,0.00120588111894,0.00149066174271
54,0.0858960288711,0.0905268585315,0.00780543076124,0.048891796199,0.00275342864264,0.00130345655831,0.00454742498702,0.00143449812026,0.000452920469415
55,0.118350087774,0.0698094974931,0.00462611208268,0.018231621506,0.00225095886314,0.00119980750458,0.00474472465345,0.00189868850552,0.000620564442764
56,0.0930043242794,0.0284792570607,0.00413251590053,0.0050684864357,0.00191557761538,0.00161027145221,0.000411092077586,0.00150711329492,0.000962228817998
57,0.121487582057,0.111919681868,0.00676713324053,0.0467554681598,0.0030081898153,0.0015408581995,0.00758404611996,0.00252027271405,0.000700302092207
58,0.136961628807,0.140732752226,0.00574633364774,0.0405537852718,0.00276593700009,0.00113039909917,0.00991545572929,0.00328526436944,0.000965247084145
59,0.0349536566994,0.0201869351925,0.00393139734492,0.0102437186126,0.00236931829035,0.000747709543603,0.000393693506796,0.00064593968134,0.000426863770186
60,0.168925587015,0.0824020017273,0.00898485826513,0.0474424469247,0.00301243276573,0.00211131229836,0.00677676045209,0.00213993173806,0.00138826837238
61,0.0470249367341,0.0211484455098,0.0192958973614,0.00384884898978,0.00425520848053,0.000360565513475,0.00148746232872,0.000463614847438,0.000325546982353
62,0.166314057573,0.0584874310665,0.0333450863512,0.0112648011865,0.00440737373444,0.00155710630944,0.00432771427028,0.00299266631492,0.00170454892544
63,0.0941286824288,0.0282295873659,0.04619334369,0.0145638417253,0.00734020461399,0.00190892035589,0.00283127921544,0.00139102672526,0.00270422096317
64,0.0431771411779,0.0213361994933,0.0383657978485,0.00986297408207,0.00788522034391,0.000414368084399,0.00213472484217,0.000426268732348,0.000117532937365
65,0.0144024393729,0.00556057663794,0.00731918101962,0.00181049137161,0.00189747914028,,0.000984842192919,0.000167479638667,0.000388117204859
66,0.0489384495705,0.0213580789294,0.007826955543,0.00749781054275,0.00269411800375,0.000904692738358,0.00202792251591,0.000498070124433,0.00178201485223
67,,,,,,,,,
68,0.0149132704591,0.00568967474813,0.00424459505478,0.00469004019967,0.00151628688776,0.000569416274222,0.00566067978139,0.000242322818296,0.000618796252461
69,0.0742448164008,0.0484288648456,0.0152153784748,0.0153761992615,0.00604008207037,0.00210776462086,0.00474807854001,0.000927400869713,0.00120296126162
70,0.0936933724045,0.0309767524516,0.0190485361589,0.0490033074428,0.00713867958149,0.00623754391357,0.00120755031006,0.0018400101347,0.00273527274389
71,0.0731176905223,0.0387126591112,0.0276647658436,0.0253375492667,0.00934277758839,0.00310500155746,0.00105864520528,0.00127636449508,0.00157075870776
72,0.0157923912574,0.00529600578078,0.00680773224861,0.00119417544996,0.00339827498567,0.000240803868803,0.000750470805405,0.000196828545088,0.00145378873579
73,0.056132842671,0.022294376914,0.034415905847,0.0177764174445,0.0109533688253,0.0056626869853,0.0055923885504,0.000603058598417,0.00222152444691
74,0.0641878559805,0.00969599606726,0.0356317931245,0.0149052076553,0.0173927263019,0.00586698620152,0.00224891069976,0.00118014798617,0.0024871577502
75,0.118411676967,0.0484393613769,0.0107403748006,0.0163609858453,0.00448942484051,0.00224248272196,0.00384391912547,0.00161516547049,0.00151677764487
76,0.020782189473,0.00412474201668,0.00172651994584,7.53630291753e-06,0.000908588672161,0.000756745364524,0.000102812844753,0.000247987223367,0.000406736434173
77,0.0632397265633,0.0169690014826,0.0138887742278,0.00561266347436,0.0101085870915,0.00330989164697,0.000746409764647,0.00100338772442,0.00166923430252
78,0.164446963941,0.0302400167814,0.0057012839418,0.00500768753401,0.00208005998098,0.00079796131144,0.00143909392173,0.00956153192409,0.00303486107592
79,0.0594484986358,0.0278648380198,0.00301782035789,0.00351148068322,0.00114607746646,0.000838434724108,0.000644919821762,0.000901983131299,0.000222702148247
80,0.217533242207,0.0725223585011,0.00631211142087,0.0204820366777,0.00251405399454,0.00308308574064,0.0023339447175,0.00214140237898,0.00152664557462
81,0.0181248227466,0.00618903770192,0.00754536462076,0.00168645854534,0.00247077862741,0.000792570309482,0.000107303982854,0.000231229206212,0.000442426180755
82,0.0811977873309,0.0727589285136,0.00590268642086,0.0455368457254,0.00240317122101,0.000748479309185,0.00315694461682,0.000937177841742,0.000548198281269
83,0.0279927684217,0.0139107489137,0.0110506266565,0.00377144486171,0.00311124201361,0.00166896731499,0.00193331353179,0.000483499846296,0.00355265762996
84,0.0487871958762,0.0233972419823,0.00425324898546,0.0036285815102,0.000863714366415,0.000887289583757,0.00222513800265,0.000511997349937,0.00449244138086
85,0.0289588777977,0.0026201882176,0.00160223788279,0.00152398584318,0.000496726608843,0.000171600285795,0.000201125882724,0.0002163737268,0.00201589863417
86,0.0182072015921,0.00140392174296,0.00239091996477,0.00103191782928,0.000764992812451,0.000299423209552,,0.000122206951565,0.0016925170133
87,0.101496149275,0.0596395449996,0.00479985323372,0.0117826896354,0.00202391983089,0.00186575204223,0.00151618422615,0.00227425368888,0.00163581869754
88,0.343220745363,0.0768325135534,0.00438166217311,0.0185681387533,0.00169555910517,0.00229119481545,0.00463387302412,0.00185613684232,0.0023837541491
89,0.0146350350957,0.00498487959463,0.00247428965403,0.00187907862275,0.000600819329651,0.000497522947211,0.000984105274744,0.000172993894588,6.48735722889e-05
90,0.299210145006,0.0670485277197,0.00497820717843,0.0140882545722,0.00165917033923,0.00208387989151,0.00438668148154,0.00146719031024,0.00247613074198
91,0.0675389562971,0.0334835671827,0.00630279929716,0.00751881631144,0.00190116599305,0.00219544785016,0.000319461657646,0.0008657169798,0.00137968372387
92,0.147362881266,0.049498252157,0.00499086071175,0.00987656911657,0.00130892008092,0.00312853230369,0.00311027389493,0.00237558519675,0.00170219826279
93,0.0480704997507,0.0290196517946,0.00328496676637,0.0114417179295,0.000714678630774,0.00305492647059,0.000520663999668,0.000694017198405,0.00159037977733
94,0.0103922993624,0.00297025263245,0.00100418239216,0.000998361627448,0.00289052790297,0.00517017192465,0.00165954019398,5.08900288687e-05,0.00356466709589
95,0.069416721798,0.0479839133417,0.00190518694638,0.0168908459246,0.000567668397228,0.00966214459404,0.0065125476334,0.00106094248411,0.00431842129547
96,0.0112997445175,0.00335486650521,0.00150040586405,0.000983817614583,0.000109003452129,8.46301735204e-05,0.000294474150573,0.000116069890039,0.000330132144682
97,0.0181912321487,0.0112357686283,0.0025306007421,0.000780703164928,0.00060938882864,0.00091182370808,0.000661635254229,0.000247233544827,0.000203350452281
98,0.145515752277,0.0683666351971,0.00431048999402,0.0166223070275,0.00145099926867,0.00389573898012,0.000805262748487,0.00202255568114,0.00271770759923
99,0.0924858730548,0.0145403740328,0.0031154037071,0.0054711123386,0.000758605039434,0.00144319227846,0.00180098468733,0.000804769064004,0.000494305530752
100,0.0326252781781,0.0127761646515,0.000893407417253,0.00308236111861,0.000437089752163,0.00517919946171,0.000885891316357,0.000306063971624,0.00288973243397
101,0.0459151184667,0.0300272659842,0.003378198725,0.00535676287975,0.000908165791058,0.00124079813942,0.00282559792761,0.000936342006354,0.000648670432128
102,0.0420178868192,0.0177247683901,0.00408355374612,0.00536074208175,0.00132193841452,0.000266223861881,0.00125355705542,0.000510557059576,0.000509837275158
103,0.0218652849702,0.0112923434761,0.00144335027953,0.00193446781469,0.000241168207608,9.34123325109e-05,0.000196897201386,0.000232990006729,0.000278538972097
104,0.026509027836,0.00970550398578,0.00493855473537,0.00423456754635,0.000750896311651,0.00645791642954,0.000758124163485,0.000238252323132,0.000718036979035
105,0.227738503988,0.127471410858,0.00777110887264,0.0214057487331,0.00301991276896,0.00193302317853,0.0057339759907,0.00785161585113,0.00101508058486
106,0.185935537465,0.113236155591,0.00655877537797,0.0464959853796,0.00245551603256,0.00435700074763,0.00678181227779,0.00326614653597,0.00169942831035
107,0.192714440955,0.0858486634015,0.0069385693515,0.0184981730869,0.00260112697997,0.00297983719877,0.0079098457314,0.00247767359164,0.00154387748574
108,0.0111248370242,0.00508880085724,0.00115251233532,0.000577901832439,0.000330094113934,0.000669628943565,0.00112397874338,0.000109188194641,8.8987506853e-05
109,0.0579508439781,0.0338773745581,0.00268365568752,0.00512524319878,0.000606562898529,0.00165341595736,0.0025099364389,0.000809823909874,0.000340810247207
110,0.0690228376402,0.0351880279186,0.00810215513087,0.00952882351475,0.00417025284587,0.00237660506855,0.000568344171167,0.00120863090985,0.00156238404653
111,0.0614769043703,0.0386538952991,0.010736695118,0.0202197026109,0.00192663306502,0.00167257424344,0.00137082662962,0.000620205846438,0.000663660669042
112,0.0968340380845,0.0661357043634,0.00392536505932,0.0117121245555,0.00112367086504,0.00373455651191,0.00350920926523,0.00397498388222,0.00068640989
113,0.036962163021,0.014654353208,0.00278058772462,0.00179286372964,0.000988498475546,0.00100970852614,8.3280565917e-05,0.000420955005774,0.000747808649924
114,0.126537220279,0.0674653246829,0.00512689896078,0.0184230991286,0.00235106339146,0.000933928426054,0.00454516880851,0.0019085604632,0.00148106978792
115,0.138775767833,0.12123757115,0.00779991193197,0.0378918278685,0.00239591380965,0.00141567993087,0.0104200254899,0.00307659558912,0.000652655541847
116,0.0299041355904,0.0157337566102,0.00182017804549,0.00119351625299,0.000641592356423,0.000580722899574,0.00107675435455,0.000452553577734,0.000601375179146
117,0.137514923668,0.0622153959913,0.00945917141967,0.0185910153079,0.00247470615848,0.00148722417697,0.00361419648146,0.00182396793021,0.000621690476685
118,0.150127775981,0.141943717479,0.0216989295887,0.0158433940145,0.0113593966851,0.0166717953342,0.00822245494865,0.0116847116306,0.00244318400756
119,0.262081864593,0.0931964507977,0.0309389704794,0.017859100749,0.0182494533166,0.00436492646875,0.00621389388057,0.00368245126321,0.00282892051642
120,0.087596741461,0.0937231558215,0.0213618922131,0.0146573517826,0.0131311326353,0.00343425380204,0.00426817579157,0.00769409232943,0.00250649929361
121,0.198770386792,0.136487281941,0.137527058626,0.0470225707055,0.0348229349335,0.00851305735396,0.00958229604897,0.011016070078,0.00193968921154
122,0.0542062351172,0.028822893226,0.0184349905697,0.00602138105802,0.00467205929028,0.00106320562992,0.0037719419394,0.00200073581096,0.00131234909478
123,0.0340288027116,0.0175290743695,0.0123949368624,0.0050163627754,0.00433909812913,0.000103944438906,0.00087784964942,0.000799933040907,0.00058524872894
124,0.0803992500083,0.0452405192442,0.00881604472031,0.00827112070828,0.00301943854489,0.000141189508758,0.00284973825905,0.00179764910925,0.00152195283677
125,0.115412128405,0.0518616564976,0.0804545686165,0.00918542099269,0.00520182590878,0.00220880082129,0.00223664430295,0.00290047294657,0.00734009193759
126,0.0118935689034,0.00484904196144,0.00366349549894,,0.00146080209039,0.000575374894588,,0.000278422489106,0.000571731174264
127,0.118485079985,0.15358903644,0.0170035458512,0.00661238301409,0.00783240794449,0.00268249121203,0.00244447029543,0.0071646314871,0.00196929214277
128,0.153360198425,0.30316018405,0.0180170985808,0.013680542427,0.00974098913152,0.00244264948317,0.00823079042444,0.0213101278792,0.00107779880015
129,0.0848171089573,0.368124580552,0.0170708592067,0.0124857890685,0.0106663636038,0.00215048201523,0.00961854351285,0.0154160869899,0.0011034202516
130,0.0266934275679,0.0138583751727,0.00508215453708,0.00303038519116,0.00229759370682,0.0011683656725,0.000966855855597,0.000564331529249,0.000759400621833
131,0.044630605688,0.071539053628,0.0145030820225,0.00457280322823,0.00588625717027,0.0147114946563,0.00126383412738,0.00752172306657,0.00256423420879
132,0.0269070607881,0.014260530203,0.012696358697,0.00833387599797,0.00656332427785,0.00453359851789,0.00320682541186,0.00070736784388,0.0021758692022
133,0.0993915254258,0.127346711608,0.009356455335,0.00965768461407,0.00598070626643,0.00339980993442,0.00268005187345,0.0146483383799,0.00166925896851
134,0.0472733004558,0.0115955043604,0.00673741427806,0.0012508894807,0.00346911301212,0.00173521934763,0.000279906510838,0.000486597172308,0.00109138837763
135,0.0242738342173,0.00660737345334,0.0201769145335,0.0055603434111,0.00460801242726,0.00166789421875,0.000763002562707,0.000268640186741,0.00104687220937
136,0.0479960838894,0.0662496429551,0.00391688705349,0.00355789279512,0.0016444854548,0.000348882666246,0.00362553594961,0.00627725681144,0.000196778369575
137,0.0691675417423,0.0296029918613,0.00428036875319,0.0055875662123,0.00141769504327,0.00125535722446,0.00165461030814,0.000826513171834,0.00050832083522
138,0.177694907709,0.0670894779599,0.00595012840118,0.0129976144391,0.00215338048302,0.00330395733258,0.00177737896215,0.00212558233466,0.0019731889201
139,0.0185774532593,0.0126027018023,0.00735430409192,0.00180756337671,0.00291133495055,0.00193989125333,0.000244208417275,0.000767959109922,0.00109751760176
140,0.165832970239,0.142404198487,0.00568554019819,0.00413962248009,0.00217900299856,0.00119873495527,0.0172147613526,0.0132126901513,0.000520334659568
141,0.0456638206522,0.0206902651004,0.00788962079264,0.00392369420825,0.00304954789212,0.00244777456083,0.00149734806575,0.000821480109164,0.00131711048065
142,0.0358177787562,0.0231193379968,0.00366815036201,0.00495934680297,0.00145764824146,0.00159825757355,0.00227417290925,0.000575193716016,0.000352619185093
143,0.128559411288,0.0330953933952,0.00324261792717,0.00549846504654,0.00137703322354,0.000608635753833,0.00175735722682,0.00241901035458,0.00032241548743
144,0.0722805147077,0.0198791199462,0.0046651583748,0.00386865840387,0.00245625258558,0.000523607605978,0.00190630398159,0.000594738035704,0.000558901718738
145,0.0386167123891,0.0194944889668,0.00183598966468,0.0014120089894,0.000712204562826,0.000760836711974,0.00310702077864,0.000992688926922,0.000585710096042
146,0.194777070411,0.133560193246,0.00552770689154,0.00848166859137,0.00199083554189,0.00148853121755,0.00471676611972,0.0073655119013,0.00150726307481
147,0.0352648727801,0.0284782870495,0.000963565188493,0.00117495104372,0.00023788675875,6.89755945581e-05,0.00151829605567,0.00135176874026,9.12784297435e-06
148,0.174756485282,0.135634651174,0.00312588712291,0.0102376386454,0.00132631417153,0.00165152208772,0.00640908265551,0.0058221797343,0.00129998940687
149,0.0229537851816,0.0101068832437,0.00288833101385,0.00233348752674,0.000768244396901,0.000599156471346,0.00181905248946,0.000386399684274,0.00185955050578
150,0.0641963325773,0.0397825528777,0.00154141411624,0.0052963943442,0.000647680814475,0.000395843510119,0.00273378056359,0.00198940010966,0.000898400873957
151,0.0958263336213,0.0606646427978,0.00176613348672,0.00531515993322,0.000813490290214,0.000616619806635,0.00176432429357,0.00158289163081,0.000854136917122
152,0.149721352246,0.0598877106602,0.00489673082594,0.00738244813192,0.00144408211667,0.000163777948537,0.00231824557745,0.00365484201782,0.000276187618118
153,0.0717653254548,0.0488444668522,0.00320140774279,0.00513933538257,0.00123908552796,0.00197215128354,0.00111181671097,0.00119716748359,0.000844339328736
154,0.11372944007,0.072892945012,0.0024512499377,0.00685659307251,0.00116156362655,0.000883770080571,0.00258099836365,0.00588373760279,0.000535535260404
155,0.0453811063123,0.0362400538206,0.00155437475083,0.00268549568106,0.000723398671096,0.00100482790698,0.0024387392691,0.00106823122924,0.00116725049834
156,0.0316116804143,0.0122224550189,0.00310871120747,0.00490082070707,0.00117810323631,0.000309936494883,0.00108713619335,0.000371513116361,0.000462574179293
157,0.0369967425199,0.00892128166896,0.00251922731879,0.0011052189208,0.000815717026897,0.000682992955992,0.000431422981078,0.000360136768395,0.000405794112272
158,0.166786065709,0.0917507965098,0.00490011300397,0.0111109270396,0.00155685113046,0.00160325178165,0.00200392869661,0.00315716842201,0.0012675745469
159,0.113452438175,0.0732241328758,0.00690219141662,0.00360107535279,0.00319437826363,0.00316030325564,0.00216360817295,0.0121350035518,0.00160657433294
160,0.0335077766054,0.00862084790754,0.00151127649322,0.0014154096842,0.000684679838154,0.00096394492402,0.00040849579598,0.000387526898248,0.0010521929861
161,0.0753052333063,0.0291643368019,0.00315381132781,0.00309150767441,0.00142836995036,0.000794096080753,,0.00110492180198,0.00109306598542
162,0.0477816110137,0.0223188187838,0.00367690962039,0.00540543133459,0.0014297468407,0.000813133542153,0.00135427776901,0.000774814347078,0.000796409200808
163,0.0091312070104,0.00354032020267,0.000994045974625,0.00066106808979,0.000383563095708,2.58511119879e-05,,0.000138022883485,0.00019107868015
164,0.0641281733106,0.0298172760616,0.00405040004652,0.00739272397995,0.00201846793522,0.000408542744043,,0.000884665146399,0.000382908696682
165,0.266900044582,0.17890169681,0.00883849950765,0.00907491384862,0.00484799398374,0.00939142287925,0.00919520381335,0.0135575716405,0.00133080396874
166,0.148550765667,0.0894282356705,0.00597161405448,0.0131479442192,0.00194210455686,0.0024288931082,0.00198081281472,0.00531730971532,0.00102064987619
167,0.230745524868,0.15011711472,0.00379896825199,0.00749613016601,0.00218410480748,0.0018876555827,0.00739630554448,0.0126926427456,0.000802278279077
168,0.0463638035243,0.0214071241048,0.00204091167772,0.00309447186082,0.000944685791669,0.00145613607663,0.00162727227789,0.0012245924929,0.000305181280428
169,0.203395947319,0.138839209036,0.00377529894987,0.00452511311954,0.00146764382104,0.00186382203524,0.00611194100822,0.0116833234944,0.000503608600577
170,0.269768414938,0.238537675076,0.00993877042879,0.0114631942257,0.00439581738021,0.00317758664966,0.00765258304696,0.00942868661517,0.00122530032869
171,0.2334558764,0.18380426802,0.00926416030354,0.00933534444024,0.00314651133894,0.00838465638259,0.00562141215887,0.00793110483687,0.000889162759578
172,0.345287772418,0.272539651568,0.00578206728492,0.008367170618,0.00248938440572,0.00223983608805,0.0102489702632,0.0448203616866,0.000537631815122
173,0.0622285516044,0.0246380471733,0.00380544541251,0.00303903592633,0.00145793823514,0.00158720059663,0.000386833493292,0.00105211291013,0.00123888207506
174,0.180038249556,0.0995761051945,0.00404170215949,0.0124271724723,0.0020732729713,0.0020722059013,0.00682255170179,0.00258582434066,0.00082543723692
175,0.240480378205,0.130869399692,0.0101573347741,0.00815573234695,0.00285957208761,0.00150846764474,0.00537548509206,0.00511398985911,0.000731318232825
176,0.108912222522,0.0597510999431,0.00383679432813,0.0081231009233,0.00143148288594,0.00113352419559,0.00366666771609,0.00478883061217,0.000596791669955
177,0.136237197813,0.0770514562066,0.00666655851791,0.0129613106649,0.00156915683024,0.000534580804115,0.00331589075023,0.00240996622169,0.000419625530253
178,0.0139302431129,0.0090544441122,0.00698521981998,0.00276168449928,0.00347985109877,0.000381913571419,0.000662899864359,8.17152675758e-05,0.000160314573339
179,0.0339588564327,0.00852875456155,0.0122568045038,0.00594964197541,0.00488465855909,0.00945912497194,0.00124717365897,0.000221505000042,0.00120037755925
180,0.0416827702653,0.023758195614,0.0078851955489,0.0134799819527,0.00297607427171,0.000490658857725,0.00164123863691,0.000478448103078,
181,0.201119962648,0.0828267469379,0.00940887832178,0.0476840356235,0.00362201251433,0.00207164730518,0.00773850859218,0.00297110597298,0.00169058624587
182,0.0128828800266,0.00344303875872,0.00284257436025,0.00155953888335,0.00117148554337,,0.00040921477235,0.000110535061482,
183,0.0393628710843,0.0255383573743,0.0497738941421,0.021685315538,0.0149563772331,0.00180031080183,0.00233686668882,0.000336192771084,0.000452305276278
184,0.0117252471831,0.00337454742007,0.0115197039624,0.00361869859881,0.00316826743171,0.000175041370421,,0.00013525924078,1.05492495115e-05
185,0.0119407255776,0.0028442486009,0.0175731073451,0.00320090381443,0.00365093136013,3.70715149299e-05,0.000104246000058,0.000100460507456,0.000679300098466
186,0.0137243435946,0.00694956364256,0.00735552352509,0.00385507470622,0.00165971284731,0.0103394925294,0.00122744806703,0.000180968086299,0.000953618589118
187,0.115206374574,0.0408169513956,0.0406560438742,0.0144087170975,0.00900423656961,0.0125156596316,0.00421554358923,0.00209679921288,0.00316621115868
188,0.0432339956462,0.0362537291452,0.0193787078334,0.0128484938848,0.005893415617,0.00198245891356,0.00126962414005,0.000469573681412,0.00100166609891
189,0.0530377052504,0.0445354119964,0.0267744315472,0.0293770476847,0.0115849454521,0.00362840627155,0.00323576266483,0.00130757205886,0.00102800694623
190,0.0355308997096,0.0576568648712,0.0139719181924,0.0245421704866,0.00694187718883,0.00231042868834,0.000950835150866,0.000900716626993,0.000574238817503
191,0.00115621460668,0.00194694386073,0.00168024992317,,0.000797389719013,,,,
192,0.0134691505562,0.00408593310459,0.0245593539758,0.00872672406058,0.0109613661136,0.0032630834448,0.00178098572698,0.000196587685994,0.00128574331004
193,0.0356284322611,0.0134046575257,0.019515960631,0.0171302874375,0.00748226149335,0.00340231715321,0.0023728567714,0.000192908850749,0.00141599344543
194,0.0241567174646,0.0115169035946,0.00208419723132,0.0050880042544,0.00114590381068,0.000920170175993,0.00231805946188,0.000328377511508,0.000238888538049
195,0.0401790688846,0.00747707395178,0.00209532585716,0.000776484123523,0.00104403476419,0.000656152389259,0.000383223225967,0.000314162897431,0.00045468369572
196,0.0548629644289,0.0197948027337,0.0193266278446,0.0100267110415,0.0127902593199,0.00376359554828,,0.000769955957381,0.00194467212453
197,0.217495940292,0.140112511835,0.0305385899858,0.0504216838571,0.0109387783871,0.00529537668836,0.00571652312365,0.00482807395176,0.00300498986868
198,0.0385647936528,0.0105845479054,0.00792258317237,0.00343193744159,0.00380239134318,0.00175987878788,0.000389921565207,0.000270482314578,0.000732503873554
199,0.117201246386,0.0406654187575,0.00686744504353,0.00994668745015,0.00186283729895,0.00210473713944,0.000455070803702,0.00125723198857,0.00128305384321
200,0.0228450728604,0.00287266321433,0.0132943821298,0.00265134578888,0.0051072319697,0.00166840238701,0.000592674252397,0.000106153826987,0.00109996395394
201,0.0475453880702,0.0468941253308,0.00878633521818,0.0190600242635,0.0038477174053,0.00188692954867,0.00197191074864,0.00118451504211,0.000876145348185
202,0.0319351224763,0.0207413311972,0.00854590920048,0.00711672518265,0.00318379489481,0.0016540486996,0.001548357733,0.000553991305721,0.0011969409188
203,0.0128086438693,0.00821790533581,0.00427471310863,0.00412542992176,0.00134357293553,0.0011500004153,0.000826747778128,0.000202585054072,0.00350061535459
204,0.0172315638617,0.00394974556663,0.00320033481355,0.0015741985868,0.00110679389028,0.000221791127856,0.000644288604293,0.000193982494984,0.000722205283075
205,0.0126410272988,0.00502589720364,0.00332800548469,0.00120991049985,0.000857033282088,0.000319261810778,0.000679670021191,0.00022204770017,0.00135866057257
206,0.0864258578306,0.0458689486211,0.00428114562954,0.0166760855858,0.00165843026323,0.00118738229051,0.00325464451838,0.000981190241795,0.0022403263258
207,0.00672947878677,0.00419081521604,0.00127488307179,0.000731517865302,0.000437326476868,6.11943708307e-05,,0.000179482109775,0.000822980651807
208,0.107413445695,0.0475341407685,0.00298744092394,0.020684357166,0.0010574449136,0.00186058120205,0.00199838979811,0.00107578654487,0.00479863362452
209,0.0196592171283,0.00536785904819,0.00166367935582,0.00158174548567,0.000511806729323,0.000270123401391,0.00164327732489,0.000582595501043,0.00167685338918
210,0.058185220359,0.0347925579908,0.00308650373458,0.0115849980279,0.000702818352799,0.000302377593344,0.00132086560905,0.000735464279635,0.000789111381442
211,0.0876147372488,0.0423726784424,0.00256511561054,0.0248883661651,0.000619526175422,0.000528870896719,,0.000652230207459,0.000843470227067
212,0.0438441355589,0.0203288108274,0.00280268193186,0.00347226427165,0.000943598009322,,0.000132036456992,0.000503568431635,
213,0.0221758710937,0.00701299148105,0.000539461643949,0.00406568230552,0.000331254778923,0.00283041913231,,0.000155118558843,0.000979567777593
214,0.0549048438532,0.0206557409446,0.00574687519469,0.010112485432,0.00198471036313,0.000948737825366,0.00181591488867,0.000745674614877,0.00118336881716
215,0.038130123184,0.00934163171054,0.00296096985605,0.00274286188938,0.000819603119886,0.000671083736886,0.00106489571306,0.000246152057082,0.000294939737019
216,,,,,,,,,
217,0.128138164476,0.0511607304874,0.00552357599827,0.0135571279018,0.00147503414812,0.00389777763007,0.000176078366207,0.00194208012762,0.00143762907326
218,0.0326242725706,0.0209971567426,0.00543896238759,0.0135245093356,0.00179647344701,,0.00185666223598,0.000519464578704,
219,0.0408948711486,0.0252841040611,0.00211306930488,0.00420195403206,0.000974453201561,0.00199832958226,0.00182024421975,0.000608886969521,0.000610290258284
220,0.114649083268,0.0695330565753,0.00755251058917,0.0201063151338,0.0028336334568,0.0020376748667,0.0112955038619,0.00226852191751,0.00162769720778
221,0.0392078379254,0.0154505228883,0.00452016546362,0.00904959921588,0.00134627416126,0.000527177732185,0.000169861698328,0.000491754230038,0.000697616891909
222,0.0351597894746,0.0177318313637,0.00364511340138,0.0041969949258,0.00278479989702,0.00135640047171,0.000544190461163,0.00040289503625,0.000654140084542
223,0.0156490665609,0.00848895409636,0.00426305411006,0.00679611548796,0.00107398082122,0.000568742872331,0.00104971200688,0.000196603595709,0.000358486961505
224,0.196710405651,0.0974914773671,0.00871617159484,0.0340309628832,0.00486863209221,0.00160628335024,0.00540463047245,0.0043120453701,0.00187363031798
225,0.21727468486,0.0963998580635,0.0118688975406,0.043867509754,0.00517828305031,0.00255753622165,0.00639459278434,0.00486065807679,0.00142827511416
226,0.133450667683,0.0695993658899,0.00700245554041,0.0184731355228,0.0027058096631,0.00299021103761,0.00293129622551,0.00126520576063,0.000899063564745
227,0.0108799302398,0.00448621530157,0.000478106674971,0.00143159555694,0.000374739167445,0.000528208117928,0.00024777763106,9.60302294197e-05,4.28621613205e-05
228,0.0322996307311,0.0220454357289,0.00186201776977,0.013992058352,0.000784008913959,0.00108497025911,0.00148542034343,0.000525808445416,0.000294074335607
229,0.0307137024837,0.018297256878,0.00400807899208,0.00339444911998,0.00256282121687,0.00205012756872,0.000832542326976,0.00069942849547,0.000862687043322
230,0.0413895282451,0.0370908111443,0.00376926085493,0.0195230492279,0.00121785834472,0.000638460221773,0.0010140461867,0.000512294212225,0.000478626613543
231,0.0321139462578,0.0175933142534,0.00413710461822,0.00453660188085,0.00146686876407,0.000465416420899,0.000234171897716,0.000296057397546,0.000298794726305
232,0.0704343600341,0.0300266501215,0.00384053166082,0.00625633673236,0.0018143471579,0.00155960166975,0.00192106654067,0.000817888102012,0.00105911632157
233,0.0161359689678,0.0106427164821,0.00279730411742,0.00373595700675,0.00116698623651,0.000714091252668,0.000525484662475,0.000263769218629,0.000398556702744
234,0.0134771327036,0.0166949811409,0.00192860326006,0.00651989091604,0.000651686647392,0.000188999426748,0.000152282700264,0.000204141410365,0.000504474062443
235,0.14316129719,0.0625534262114,0.0100815780683,0.0232957387171,0.00272018763971,0.00104749162768,0.00358613817031,0.0013159517023,0.000615497228616
236,0.00980769443445,0.00373691292647,0.00166508400539,0.00160298493233,0.000764662353364,0.000333203558691,0.000896143647702,5.95885750935e-05,0.000420393744123
237,,,,,,,,,
238,0.278582098871,0.101842408584,0.0147181212849,0.0630629806554,0.00405085175231,0.001355733803,0.0117579945917,0.00371138992851,0.000714159733155
239,0.0167690944885,0.00559079058853,0.00207075167172,0.00099510669934,0.000839426008224,1.01447854799e-05,0.00053722932259,9.97875150559e-05,0.000268934501807
240,0.0426086571949,0.0254265526793,0.0661204009353,0.0158228259001,0.00448529198005,0.000346352668541,0.00167964719856,0.000288757615652,
241,0.0199476472323,0.00277169548118,0.00151817822777,0.0077439724992,0.000579217294523,,0.000774876944097,6.90861445308e-05,0.00767451695024
242,0.0249451264498,0.0154381194128,0.0019809544382,0.00344653550896,0.000813129340999,4.08826559436e-05,0.000395197235054,0.00028826725599,0.000226200525074
243,0.202435877536,0.132789316549,0.0665477777173,0.0434316372446,0.0230649187215,0.00873880691066,0.0111474173386,0.00432636035365,0.00582972890419
244,0.0239972640888,0.025919889897,0.00927991759981,0.00916529173332,0.00250432263547,0.00139289704559,0.00113077731954,0.000244861569353,0.000663040016997
245,0.03647889655,0.0841080127848,0.00325943834786,0.0217921044718,0.00176295849706,,0.00154125454613,0.000423039949492,0.000552377572128
246,0.0319504249575,0.0486424804695,0.00554936048709,0.0217693231912,0.00394829452149,0.00137941136404,0.00131429929354,0.000932662546672,0.000304659788933
247,0.0308861326327,0.0771541825621,0.00832372983301,0.0291505054831,0.00225714995431,0.000771280510094,0.00230130072693,0.000398051632467,0.000364418833596
248,0.0170050118993,0.0331194798377,0.00284873643421,0.0127869160322,0.00111305746955,,0.00135101192419,0.000222047505721,0.000573235979416
249,0.00491899775294,0.00239007933244,0.00811089890721,0.00376143762019,0.0043415966589,0.00214978056895,,6.64286277979e-05,0.000511952824193
250,0.0172707658739,0.0115089770685,0.0065586970481,0.00554024334237,0.00417566908762,0.0014746975884,0.000913549203578,0.000439219475702,0.000620773666656
251,0.0215640659879,0.0106956730262,0.00301498689463,0.00577587390598,0.00136610087189,0.00108889478734,0.000323897034572,0.000424718805687,0.000695586044753
252,0.056731847492,0.0217445206606,0.00611873506737,0.00759287923472,0.00354197808497,0.00165557329656,0.00317465730141,0.000978698473092,0.000898235042451
253,0.0320926683072,0.0277943606488,0.00996742497049,0.0192096506659,0.00407380971185,0.00110084544336,0.00187487472358,0.000964171640922,0.00102242966763
254,0.038608969629,0.00987771906111,0.00510422210382,0.0027356939903,0.00228487618834,0.00114216865307,,0.000203315404246,0.000523222075773
255,0.256552893418,0.0948441332561,0.0687998802605,0.0318757283538,0.0258646435159,0.0105677898805,0.00216164380571,0.00282494478272,0.00743315420027
256,0.0274281336525,0.00225991048194,0.00794673571354,0.00174726033101,0.00367074841262,0.000264888102425,0.000372376288123,5.11887165608e-05,0.00146779223483
257,0.0810775458779,0.0626130456224,0.0189634680277,0.058120418583,0.0088388245192,0.00229123472639,0.00141025964611,0.00159996809213,0.0012943083513
258,0.0290752337155,0.0155045001246,0.0107398214939,0.00618464876205,0.00390400033234,0.0012020712446,0.00230196388335,0.000430166999003,0.000757987828182
259,0.0719163645163,0.0151952191144,0.00188840893324,0.00935872369859,0.000763017834072,0.000719555373693,0.00254264900984,0.00022930416793,0.000243921127954
260,0.0182316961664,0.00435587524975,0.00183039532768,0.00213385802764,0.000763069823085,4.26075759023e-05,0.000536481596099,0.000127315618289,0.000647744966499
261,0.0489274949844,0.00529456197118,0.00205772032283,0.00122234975015,0.000780809515304,0.00316887480322,0.000872648833432,0.00021583578748,0.00153352375295
262,0.204791970014,0.106847027038,0.0109535633319,0.0441432018139,0.00509947649944,0.00305779374917,0.00414806275443,0.00279956331299,0.00282503398699
263,0.0320502288453,0.00632281961507,0.00346599686843,0.00364447083157,0.00142073475541,0.000789313297947,0.00149862877221,0.000244049274423,0.00040728567038
264,0.0879386527759,0.0314113408041,0.00420568359626,0.0226016467942,0.0014766882585,0.00223783225669,0.00209334083956,0.000735416303236,0.00212095848258
265,0.0462482928207,0.0204723454816,0.0018481723628,0.00663929590277,0.000672614559623,0.000877340829415,0.00324360648479,0.000688973449416,0.000906436938209
266,0.0419090427494,0.0548875016615,0.0031789798631,0.0719155452083,0.00125935859308,0.000550026749518,0.00244299405197,0.00100263491061,0.00263707416761
267,0.108306374186,0.0400718839298,0.00410729831207,0.0331264202469,0.00157503115032,0.00123428404107,0.000905214106526,0.000635773233985,0.00166343845528
268,0.0734947283875,0.0282874548974,0.00423940343706,0.00822124330679,0.00173627070274,0.000615019212475,0.000133628694507,0.000734229320107,0.000783542323526
269,0.0513412745175,0.0635468837236,0.00468309688244,0.0732357487842,0.00180373160795,0.00210441126758,0.00296695947209,0.0027593654406,0.000825008949447
270,0.0689559980738,0.0228668115712,0.00609516557988,0.0191659151955,0.00209292397816,0.00117027735072,0.000394206913004,0.000557656523353,0.000659081270212
271,0.0389685906063,0.0395977969396,0.00370822326339,0.0171642683879,0.00178524481217,,0.00176878561697,0.000849215803552,
272,,,,,,,,,
273,,,,,,,,,
274,0.12055307498,0.0524762003225,0.0044119589698,0.0215456397204,0.0015675082692,0.00685082434387,0.00534134208733,0.00190120007313,0.00212408004089
275,0.124269421958,0.0530321956387,0.00251193765086,0.024945552389,0.00154933874512,0.00277857869876,0.00213947485969,0.00184557278706,0.00144521143788
276,0.016317962703,0.0192057963617,0.00415988162977,0.0168058797608,0.00138764883499,0.00073309660672,0.0019272507206,0.00044435004361,0.000747492835486
277,0.10089326127,0.0489163894185,0.00440392770364,0.0232776206082,0.00214794682649,0.00112533508612,0.00490828887394,0.00143708808393,0.000953660797727
278,0.0410332216095,0.00903860657304,0.0049509599588,0.00494840379233,0.0013668444199,0.00190484078205,0.000740286920374,0.000320195679438,0.000937370121511
279,0.0220655250599,0.0137642504039,0.0017565909629,0.00438569510265,0.000962826555575,0.00296194203428,0.00143607815985,0.000212076980267,0.00322756906169
280,0.0243226415243,0.0194347271285,0.00330225641366,0.0227212001944,0.0013841130533,,0.00175968960604,0.000315691088994,0.000403109090456
281,0.203670065057,0.0950867329007,0.00825472265612,0.0544118523381,0.00373228526206,0.00227795851474,0.00535490887451,0.00246139182924,0.00129395813254
282,0.11563294962,0.0562584176458,0.00700466812358,0.0198785103369,0.00371259264953,0.00203080729729,0.000995041762917,0.00102504628322,0.00126148343111
283,0.0173840310979,0.0102041599249,0.000767650962673,0.00228026429889,0.000570204246059,,0.000246010357659,0.000148314035583,0.000220997474957
284,0.0274500017863,0.0245570911312,0.00174101828273,0.0114593250221,0.00104203565153,0.00168673523901,0.00257616574512,0.000629679252573,0.000576755885493
285,0.0372237962044,0.021926079144,0.00478877761671,0.00477866800138,0.00331932644101,0.00227456965911,0.000840499786086,0.000806036195073,0.0010994890987
286,0.0673675271654,0.0348682221437,0.00177631983545,0.00760096715215,0.000725801458519,0.00263727119736,0.00057296004654,0.000581303110262,0.000663955662671
287,0.0148226013449,0.0193360808598,0.00462142019999,0.00990176664699,0.00128539602849,0.000622523211451,0.0021433919722,0.000383284264424,0.000376006965513
288,0.066097249399,0.02310522726,0.00245004752055,0.00515237323196,0.00126143008889,0.00133185553754,0.00188878459216,0.000476463353273,0.000681327220887
289,,,,,,,,,
290,0.0190233536504,0.0207423347626,0.00273535922621,0.00782325518107,0.00145641318077,0.000297588331588,0.0012767104793,0.000352566435658,0.000421576423859
291,0.233335320839,0.14072480728,0.00920547133014,0.0461623700198,0.00348775473118,0.00198791291547,0.00996725531127,0.00449495427875,0.00184885087679
292,0.196102867872,0.0824823857807,0.00627284186871,0.0418533760068,0.00163110192197,0.00102485168831,0.0044222901642,0.00169056242549,0.000460569860806
293,0.11861486088,0.0753603182504,0.0103751789639,0.025406158851,0.00725953010291,0.00172470894217,0.0041233903802,0.0045968897466,0.0011702187452
294,,,,,,,,,
295,0.106706244389,0.0528659382955,0.0150991718817,0.0115282913311,0.00903327803871,0.00109591535369,0.00398050858042,0.000903856528885,0.00186755051326
296,0.260550860466,0.105383850374,0.0140641618591,0.0187990941962,0.00568057733303,0.00259521851583,0.00870971536538,0.00371549997641,0.00205678160427
297,0.0561905397917,0.0235548784794,0.00366937945759,0.00158445632443,0.0015860565504,,0.00197843657707,0.000711263224793,0.000679784747924
298,0.126109213266,0.0649758781316,0.0901982190124,0.0161693278289,0.018114481224,0.00116817991049,0.00352420809215,0.00147654818348,0.000835908964359
299,0.0382767524893,0.0155989870352,0.00521434081478,0.00228738768491,0.00108005267334,,0.000527318416144,0.000652146812391,
300,0.0181965949244,0.00979079137951,0.00253659639156,0.000528378279245,0.000654431040596,,0.000913027208001,0.000264383235046,0.000361174068444
301,0.0484721167774,0.0276740736412,0.00439144957361,0.00264651141434,0.00194211723651,,0.002609275568,0.000568482303489,0.000519208405164
302,0.0830947617439,0.0375533678226,0.0141189558621,0.00529763143417,0.00271356954646,,0.00303761637727,0.00430580559229,0.000762789772892
303,0.0229366297213,0.0100266804035,0.00162855560079,0.00123967496967,0.000845359801592,0.00056462515994,0.00227631601971,0.000726904858838,0.000919850196913
304,0.0952950126924,0.0459479039448,0.00783759006211,0.00968451459316,0.00234428326305,0.00094090521199,0.00314427883421,0.00120903400569,0.000846014998234
305,0.109991333261,0.0685368159194,0.00945539752709,0.0112103766287,0.00361797970817,0.00222669244001,0.00356082821744,0.00210058025327,0.000817103553148
306,0.0636560451919,0.0646533687014,0.00590426747041,0.0129190348432,0.00208742541762,0.00160067467917,0.00297310001786,0.000842505909674,0.000609053579663
307,0.172946659856,0.0183724247558,0.00289080281211,0.00330690464919,0.00144373085675,0.00120682903129,0.00158114469138,0.000330312520763,0.000167663651917
308,0.0181636714791,0.00259169958964,0.00182751864897,0.000368530012793,0.00127912885647,0.000870902460501,,0.000111377448456,0.000165990596601
309,0.0157659301896,0.0057638250379,0.00346363728483,0.00237737743724,0.00235244099753,0.00109882372973,6.07251437945e-05,0.000181446417077,0.000159810087419
310,0.0829779146108,0.033994882673,0.016364515782,0.0114545339314,0.00225117983221,0.00204920774151,0.00590549247446,0.00122227975745,0.00106271052413
311,0.0195907758803,0.00356450362019,0.00126724337752,0.00286211279717,0.000845259062945,0.000586880901247,0.00170067429476,0.000115885441547,8.48863678848e-05
312,0.044931435726,0.0180940016611,0.0210240171508,0.00773319814788,0.0119145419738,0.0030469233197,0.00130881377048,0.000762924482465,0.00202578405764
313,,,,,,,,,
314,0.0335198166197,0.00949656585455,0.00341400019102,0.00274486697036,0.00093718708863,0.000489718160715,,0.00021620141937,0.000275963141219
315,0.113622870723,0.0392163916956,0.00528777628671,0.0101862178635,0.00164454385688,0.00208873290346,0.00230016402706,0.00112959321456,0.00166346617254
316,0.0284299824287,0.00482410188881,0.00675387404303,0.00179855291962,0.00237070929204,0.000894790909431,0.00037666982923,0.000132188025738,0.00129281951374
317,0.0589855122969,0.0740113585625,0.00805020221271,0.0327214830582,0.00258107995281,0.000978787713784,0.00281098598289,0.000865387223721,0.0011616969037
318,0.0334910713841,0.0211954799362,0.00820672782849,0.00676655655323,0.00242667122127,0.000816441137627,0.000770318333596,0.000618562724788,0.000372932029803
319,0.0247557454876,0.0128814614049,0.00335805791131,0.00461317266241,0.00100297887716,0.000592372228821,0.00080015975862,0.000245230374364,3.9599679378e-05
320,0.0125138280549,0.00414071317005,0.00278614868233,0.00156320162175,0.000864730318035,8.02931108969e-05,0.001392998571,0.000151319331362,0.000615785450799
321,0.0106598616528,0.00285966727721,0.00258726187955,0.00196173031636,0.000802370758937,2.95062943627e-05,0.0012442272699,9.83126290126e-05,0.00219631874271
322,0.024095862672,0.00815702529463,0.00264540592299,0.00161058311836,0.000747072568886,0.000284726220594,0.00123359741279,0.000666140335572,0.00028684816158
323,0.00971847922152,0.00316136465956,0.00190350962297,0.000788815672528,0.000558368497122,0.000208577070995,0.000237328755119,0.000126386090091,0.000347112734552
324,0.0891309396082,0.0372437064238,0.0055872318135,0.0218224479911,0.00190498787013,0.00149432587817,0.00226133899256,0.000703449245622,0.0011821900236
325,0.0209162105167,0.00417521225259,0.0029893094627,0.00415387337104,0.000507677721576,0.000406696816419,0.00154586946735,0.000569843354181,0.00169109328151
326,0.0634234763913,0.0334763265544,0.00292622754939,0.0135562946468,0.00180370547789,0.00167712823283,0.00148399358109,0.00123718918133,0.000472030578118
327,0.0801502919556,0.0471644486897,0.00284134390963,0.0223039048549,0.00119539432701,0.00101571535363,0.00125350172349,0.000696601603057,0.00176182295776
328,0.0503170450394,0.023030377487,0.00382274803202,0.00419265868403,0.000952714485003,,0.000240188826519,0.000561375261567,2.13887135882e-05
329,0.165788354201,0.0559996662805,0.00379707260352,0.0527533977018,0.00249460558719,0.00202487315252,0.00259891073542,0.00240791026615,0.000672857504745
330,0.0695508537021,0.0247950043618,0.00382280565618,0.0148947853594,0.00103614872387,0.00225162519524,0.00147126610116,0.000545054833671,0.00186854624306
331,0.0320608817665,0.0118915378576,0.00449556695079,0.00631312892533,0.00147872320806,0.000861469943176,7.35231781477e-05,0.000477191622636,0.000509754801781
332,0.0514015360076,0.0112941467801,0.0063134234717,0.00494177688886,0.0031314640215,,0.000560259257875,0.000386663468209,
333,0.031783108529,0.0153846842634,0.00344930208221,0.00195714121976,0.00107859702162,0.00158671007716,0.000761245994635,0.000323691580635,0.00100924294649
334,0.11569387781,0.0469137529602,0.00550183160912,0.0281525821596,0.00172163093606,0.00185724396527,0.000940659915244,0.00132622647389,0.000780700486102
335,0.0790803745186,0.0355176628211,0.0124457206419,0.0156527672833,0.0051451708079,0.00366268515095,0.00296270483862,0.00116583513703,0.00130413162782
336,0.107549251196,0.0513542210099,0.00908325955534,0.0125430108818,0.00358876581476,0.00129299293244,0.00492547882432,0.00202435076887,0.00110144866356
337,0.0520055913032,0.0327077902306,0.00229842683327,0.00709651868683,0.000964582293099,0.00235738533882,0.00451659039343,0.00094449788353,0.00134927379523
338,0.0661095182259,0.0219299024739,0.00913162222333,0.00728605069033,0.00433629143199,0.00225867708385,0.000927651863297,0.000483305213577,0.00141773775108
339,0.0910943139395,0.0314909623973,0.0075578082062,0.00720921948161,0.00322551780446,0.00155561352544,0.00185749127144,0.000803420197938,0.000616513221403
340,0.078738369026,0.0314380218228,0.0123853473278,0.00914648284344,0.0048657706531,0.00170145030873,0.0015897987252,0.000558497835174,0.00116089485012
341,0.304924425708,0.14235637772,0.0247432635761,0.0310245057429,0.0116076626053,0.00357121582088,0.00679973126278,0.00585161450109,0.00213205631555
342,0.224799145464,0.0962990621922,0.0164480427746,0.0243380329265,0.00722425925695,0.00369037887948,0.00529490530506,0.00651557503002,0.00215052693252
343,0.164743445119,0.0750532768794,0.0135245551964,0.0187854783769,0.00592420620938,0.00293845608889,0.00235655470191,0.00167527444446,0.00154296844616
344,0.0477663662007,0.0181574488088,0.0038221188127,0.00235645227759,0.00191399630268,0.000782245560102,0.000799255841971,0.000363454666307,0.000475223480049
345,0.172522287426,0.0692826978217,0.00710653798526,0.00711447503802,0.00393666082129,0.00327683368932,0.00440072839773,0.00159674775396,0.000929452639977
346,0.0851626357407,0.0446949022899,0.0107045593594,0.0071353272861,0.00548811947096,0.00463510980175,0.00169893835727,0.00092808888852,0.00135702220135
347,0.0817304630572,0.0442740491019,0.0024225564747,0.0113689824375,0.00136679831978,0.00107436919101,0.00229167956191,0.000732970089288,0.000518656323878
348,0.124904396232,0.0423000146688,0.0052225032101,0.00623304811612,0.00237954605709,0.00133705643536,0.00322327416091,0.00113428719244,0.000482329096145
349,0.0523917803735,0.0199275628074,0.00411286396717,0.00328030273827,0.00233446592948,0.00261332422238,0.000461876034328,0.000305651377443,0.000768258258009
350,0.119418185807,0.0610647924215,0.00985312880173,0.0244060840951,0.004483488117,0.0019578660462,0.00312270859232,0.00117490044873,0.00119262090743
351,0.104717796322,0.0757203864104,0.00767271031688,0.0262596091844,0.00551111821299,0.00131143663377,0.00281603687065,0.0013678985974,0.00106563648831
352,0.071984193208,0.0328958633711,0.0092958566414,0.007795547035,0.00290790744626,0.00136782008516,0.000785350590923,0.00190926642434,0.0006667908194
353,0.231259981507,0.101563198063,0.036253733325,0.0327221697211,0.00775773137182,0.00251821697211,0.00546504066409,0.00215095499314,0.00109643747662
