tseries,Unnamed: 1,F1,F2,F3
2021-01-26 14:07:11,,7067.57219004559,0.0,606.038486757525
2021-01-26 14:07:40,,34194.3038446893,605.613621083472,6658.61088226121
2021-01-26 14:08:10,,50179.0332921584,1996.79540167109,10540.8450935486
26.01.2021 14:08:40.041,,87932.2828954392,1318.18223567001,15067.6099728762
2021-01-26 14:09:09,,29011.3399356051,1271.8171231879,8412.08464860779
2021-01-26 14:09:39,,82261.2353213618,1394.26400809428,13020.5602253872
2021-01-26 14:10:08,,71655.5271057757,1262.7919295185,10626.736693197
2021-01-26 14:10:38,,44661.9780513712,1217.84982658236,10321.9121602843
2021-01-26 14:11:08,,27588.3030534837,1030.40488756477,10159.1710612067
2021-01-26 14:11:37,,57294.0252773651,1667.15050383999,11140.2591080226
2021-01-26 14:12:07,,36314.2800229866,760.808304648442,8026.90705911691
2021-01-26 14:12:37,,17079.1414529693,0.0,2397.12475582897
2021-01-26 14:13:06,,0.0,0.0,609.286695378525
2021-01-26 14:13:36,,8762.00497791127,0.0,1135.87942526992
2021-01-26 14:14:06,,0.0,0.0,625.210796986195
2021-01-26 14:14:35,,55080.2518009365,1783.83006628155,11859.207683239
2021-01-26 14:15:05,,54497.8299604499,1681.79087769087,14221.8170098591
2021-01-26 14:15:35,,51006.1109805239,2478.40992786,14881.4114680153
2021-01-26 14:16:04,,43281.4617088041,821.082205430879,8550.82855927141
2021-01-26 14:16:34,,36861.4597453425,1086.97562542522,7681.36441553647
2021-01-26 14:17:03,,151168.101015634,1240.83087949892,11440.0183672535
2021-01-26 14:17:33,,41282.6050640291,1649.11849539264,12094.667604107
2021-01-26 14:18:03,,28022.5155489346,1099.32081363035,9046.79367320229
2021-01-26 14:18:32,,42172.4074467548,1462.49025711789,13869.0267708359
2021-01-26 14:19:02,,50391.0331417928,1324.75072132397,11431.2738487387
2021-01-26 14:19:32,,67146.7174988014,800.009619756441,7112.40522414909
2021-01-26 14:20:01,,8031.60373561905,0.0,685.823370979787
2021-01-26 14:20:31,,0.0,0.0,1421.34148248021
2021-01-26 14:21:01,,0.0,0.0,770.13355137928
2021-01-26 14:21:30,,10676.3839907869,512.018418292143,5900.36676628173
2021-01-26 14:22:00,,69921.5069747802,1177.70029969907,9670.35095305098
2021-01-26 14:22:30,,55939.9548033247,700.805399238837,5897.8172692531
2021-01-26 14:22:59,,108305.023507338,665.399905394328,7628.34746955447
2021-01-26 14:23:29,,40399.044644254,1185.85335159148,11064.1711693844
2021-01-26 14:23:59,,32018.2208558623,995.858736057433,8145.30905912827
2021-01-26 14:24:28,,38695.466737602,1153.38587315578,10773.2495886696
2021-01-26 14:24:58,,33429.3492467785,824.696977054247,7613.28302974159
2021-01-26 14:25:28,,92559.7708558237,1864.50137615695,14743.2154374422
2021-01-26 14:25:57,,32030.8353391909,1048.69822580405,9942.19588057344
2021-01-26 14:26:27,,39349.387317569,966.725864812992,8765.16109919978
2021-01-26 14:26:56,,9147.85806711358,0.0,1204.87676702711
2021-01-26 14:27:26,,9508.6460568814,0.0,1043.60276581787
2021-01-26 14:27:56,,0.0,324.442656571319,1042.50750006995
2021-01-26 14:28:26,,7871.87570488459,0.0,939.196900940802
2021-01-26 14:28:55,,42369.7179948724,778.544523301203,8229.7123169781
2021-01-26 14:29:25,,33620.4496366908,1148.51589194785,10486.6641029138
2021-01-26 14:29:54,,51078.5241976884,1548.76820543066,10107.7062283972
2021-01-26 14:30:24,,43537.4506488695,1463.54133528536,12216.2507342865
2021-01-26 14:30:54,,29165.8635692262,874.340593281212,7783.68426250345
2021-01-26 14:31:23,,60117.9635139051,1706.13430119179,15479.5461995909
2021-01-26 14:31:53,,51898.7734550461,953.288596280254,8980.8442667311
2021-01-26 14:32:23,,47661.4381091899,1470.18386447609,13334.4861354249
2021-01-26 14:32:52,,70030.1070345605,1364.93225259212,11070.0391054437
2021-01-26 14:33:22,,34954.4864798705,1371.57225684628,14109.7281295055
2021-01-26 14:33:52,,44911.4042075272,1493.87384640128,13758.0197454222
2021-01-26 14:34:21,,0.0,0.0,1141.93544891583
2021-01-26 14:34:51,,0.0,0.0,690.073394750058
2021-01-26 14:35:21,,7618.93964448976,0.0,697.048315494226
2021-01-26 14:35:50,,24444.4746115445,591.49250477702,5447.74449203648
2021-01-26 14:36:20,,41115.8637039351,941.669272985046,9888.30084184202
2021-01-26 14:36:50,,41688.3510139663,880.70353707943,9949.07580890877
2021-01-26 14:37:19,,44737.8678642007,711.492256133493,7551.4434177825
2021-01-26 14:37:49,,34375.5751268675,1009.85576092927,9342.24263682795
2021-01-26 14:38:19,,69549.8578253729,1322.72158009787,14405.5956629617
2021-01-26 14:38:48,,37961.9861743963,806.465150556891,7506.85897479315
2021-01-26 14:39:18,,55125.4499545513,1089.62575074639,10039.5245207712
2021-01-26 14:39:48,,34303.2617891282,1407.89448448935,11760.3444162931
2021-01-26 14:40:17,,36689.4065071198,1395.9994278622,16180.5931404215
2021-01-26 14:40:47,,30847.3895813653,861.464774054602,7509.62522158983
2021-01-26 14:41:16,,8369.21316590859,0.0,976.270375404859
2021-01-26 14:41:46,,8334.92580371554,327.167200106288,872.426758712631
2021-01-26 14:42:16,,16864.5658754327,0.0,1472.20246490745
2021-01-26 14:42:45,,7240.51247389619,0.0,962.824784122031
2021-01-26 14:43:15,,25974.6045774314,842.339706712973,7896.08260330405
2021-01-26 14:43:45,,52853.1744086831,1268.36321956348,9044.39359736809
2021-01-26 14:44:14,,28645.7995265656,644.443101198277,7036.94706736473
2021-01-26 14:44:44,,45793.3517566677,1484.85487154829,10706.8310624339
2021-01-26 14:45:14,,39405.9975448905,1038.87531403849,7770.83825483451
2021-01-26 14:45:43,,36591.9816546164,677.577345795914,10074.1895088221
2021-01-26 14:46:13,,42508.9569878275,1124.2777395062,10391.408859644
2021-01-26 14:46:43,,79170.6389095715,1153.60301191459,14731.602999888
2021-01-26 14:47:12,,23574.3546269218,885.417141388777,8669.50908292913
2021-01-26 14:47:42,,43470.8159387304,1522.20845107441,12515.4235632046
2021-01-26 14:48:12,,29504.0706518627,444.94421682919,3736.9605504539
2021-01-26 14:48:41,,13490.0712877951,0.0,1485.9236641907
2021-01-26 14:49:11,,7334.75184800553,0.0,1040.13639877954
2021-01-26 14:49:41,,13924.0437448116,0.0,1952.71603219198
2021-01-26 14:50:10,,26803.8594316804,805.460754429923,6832.37667127099
2021-01-26 14:50:40,,48160.9407567342,1545.70301622047,13684.219135107
2021-01-26 14:51:10,,34952.6405857016,1369.23750848725,9385.20399302827
2021-01-26 14:51:39,,92909.405390343,1042.57959611671,12576.1498355303
2021-01-26 14:52:09,,29072.0112218147,1360.34324392575,8884.31151580785
2021-01-26 14:52:39,,38554.2999864915,1048.04615831542,8809.07750313354
2021-01-26 14:53:08,,28507.5268399921,1202.0800039401,9047.65787158994
2021-01-26 14:53:38,,30546.497658798,754.057920043453,6515.84731187138
2021-01-26 14:54:08,,72873.8842264549,1473.34898067389,11757.8669285959
2021-01-26 14:54:37,,42500.2085016605,1132.06108349101,12020.7493395877
2021-01-26 14:55:07,,28468.8573914622,713.561329674592,7184.73847126084
2021-01-26 14:55:36,,14293.5695892718,0.0,1581.95616549464
2021-01-26 14:56:06,,0.0,0.0,1056.30428249731
2021-01-26 14:56:36,,0.0,0.0,669.333509866883
2021-01-26 14:57:05,,8071.16841487767,0.0,1129.47390138678
2021-01-26 14:57:35,,56957.8968182278,1541.42660341713,14213.8537520172
2021-01-26 14:58:05,,52345.4152564251,1068.8277323441,11992.9833767788
2021-01-26 14:58:34,,51669.9413843862,1602.88652325858,12011.730936711
2021-01-26 14:59:04,,27630.6524304361,894.229330607171,9626.00942787854
2021-01-26 14:59:34,,39478.0661515287,1092.73992827982,9061.95648466733
2021-01-26 15:00:03,,56809.8560821971,1567.13140231298,14011.1533571621
2021-01-26 15:00:33,,64681.0220663949,1164.17290808336,11114.4944809909
2021-01-26 15:01:03,,75481.9031793907,1459.56689901374,10349.9122304058
2021-01-26 15:01:32,,73204.484067646,1239.06148641133,14873.0153869357
2021-01-26 15:02:02,,78438.1036402236,1380.86464220899,11712.8737338471
2021-01-26 15:02:31,,32187.8790629199,474.622313354786,5438.56560870955
2021-01-26 15:03:01,,14200.3129497984,0.0,2246.30922311967
2021-01-26 15:03:31,,16100.6608055408,0.0,1647.90054604651
2021-01-26 15:04:00,,14912.4018239297,0.0,1969.22201813833
2021-01-26 15:04:30,,51700.2115622329,1331.66705186549,13476.3109474857
2021-01-26 15:05:00,,57055.9686080889,1238.98258523552,15524.1491005303
2021-01-26 15:05:29,,52482.1491564146,1669.37510725536,17267.0096959904
2021-01-26 15:05:59,,63370.1871949044,1018.07000831816,11597.3372966736
2021-01-26 15:06:28,,88728.7892444749,1150.94353417032,13437.6838496586
2021-01-26 15:06:58,,70668.8900975405,1082.48077582444,11243.1018460064
2021-01-26 15:07:28,,68403.6995998648,1292.5842728185,11732.3952927382
2021-01-26 15:07:57,,65939.2138988897,1640.61280224719,14046.9143960955
2021-01-26 15:08:27,,71738.332757587,1234.96803146709,13936.2040406157
2021-01-26 15:08:56,,61771.3080464868,1742.75447250427,14681.8168914603
2021-01-26 15:09:26,,48331.8565327612,1254.42825876567,10283.4250835769
2021-01-26 15:09:56,,18636.8222001617,0.0,1933.36684434134
2021-01-26 15:10:25,,19682.5543023141,0.0,2114.23585666839
2021-01-26 15:10:55,,19946.647974335,0.0,2323.15701299769
2021-01-26 15:11:25,,17663.5901420158,0.0,2366.00055428138
2021-01-26 15:11:54,,51428.3166651251,1554.69830381019,13473.6654810741
2021-01-26 15:12:24,,69430.7655967,964.391406534456,13796.7889609609
2021-01-26 15:12:53,,82371.2268978789,2005.31907929635,12493.0673533108
2021-01-26 15:13:23,,50363.3899906196,1541.10214207547,11306.9845790915
2021-01-26 15:13:53,,53706.1170794428,1233.54591700149,10823.6487257679
2021-01-26 15:14:22,,48858.5309610531,1320.97897164669,16505.4848262349
2021-01-26 15:14:52,,53841.8298058598,971.647565767476,11442.5356710831
26.01.2021 15:15:22.0056,,36758.9170093813,1544.23641536288,14624.7001471733
2021-01-26 15:15:51,,58255.8938061617,1200.15638884277,11831.8503932619
2021-01-26 15:16:21,,100849.731134692,1724.95013413181,13995.0607919363
2021-01-26 15:16:50,,31859.7999270913,0.0,2924.90033693918
2021-01-26 15:17:20,,21508.3494651072,0.0,1897.23646047604
2021-01-26 15:17:50,,19638.3971301959,0.0,1658.16828689251
2021-01-26 15:18:19,,16783.7016140268,0.0,1974.13992262284
2021-01-26 15:18:49,,64523.0866083055,1332.9188024284,12905.8813779305
2021-01-26 15:19:18,,64994.5706760537,1630.12604024382,10910.403766431
2021-01-26 15:19:48,,52293.1258089938,1450.35052489493,11827.6869100079
2021-01-26 15:20:18,,52983.0896756928,1657.52809473903,11719.1773675966
2021-01-26 15:20:47,,63019.5934365744,1774.0218476049,12197.8762668192
2021-01-26 15:21:17,,78803.449048676,669.020627124616,13087.5943060193
2021-01-26 15:21:47,,57702.854411742,1502.67839487845,15198.5242603956
2021-01-26 15:22:16,,83421.7995408443,1056.24735496297,13658.6585273877
2021-01-26 15:22:46,,55327.0268895787,942.138135509697,10059.1884590307
26.01.2021 15:23:16.035,,58086.5482904539,1066.69049232779,11887.0473773952
2021-01-26 15:23:45,,77646.2415836566,1206.8134961671,13198.8668952771
2021-01-26 15:24:15,,17345.1997612855,0.0,2017.89734312727
2021-01-26 15:24:44,,16466.0936612625,0.0,2338.30600498151
2021-01-26 15:25:14,,15308.7464039696,0.0,2051.56545779394
2021-01-26 15:25:44,,14291.3613476692,0.0,4491.55107436032
2021-01-26 15:26:13,,64671.327278809,1244.44744486921,12193.3259384137
2021-01-26 15:26:43,,67858.7685277611,1115.39107235024,11567.5292104203
2021-01-26 15:27:13,,56907.508869271,1475.27403942338,13196.3925020554
2021-01-26 15:27:42,,55863.0852532721,1264.98717402958,12019.268906484
2021-01-26 15:28:12,,48073.6638476382,1417.080879661,13059.5326592173
2021-01-26 15:28:41,,73888.2615616369,1419.67764193626,15205.3627115765
2021-01-26 15:29:11,,75278.0242735804,1306.018791571,10777.8696384535
2021-01-26 15:29:41,,72206.7982822062,958.392784511319,10675.9246275746
2021-01-26 15:30:10,,54006.9954160229,1573.00850919938,13680.5808300525
2021-01-26 15:30:40,,58952.661052157,1194.057976657,11567.4003543951
2021-01-26 15:31:10,,20361.2896327524,0.0,1960.28887835797
2021-01-26 15:31:39,,15652.7387597865,0.0,2184.40129611784
2021-01-26 15:32:09,,21112.8233398096,0.0,1403.85206751462
2021-01-26 15:32:38,,17081.9072855463,0.0,1568.36648999896
2021-01-26 15:33:08,,58204.707513137,1078.7738341349,10372.868553951
2021-01-26 15:33:38,,54666.4174204063,1222.06518644409,12405.6685055412
2021-01-26 15:34:07,,65018.1834846982,1058.58809721159,14804.9164776869
2021-01-26 15:34:37,,69927.3912381764,1426.613619286,12641.8329784341
2021-01-26 15:35:07,,58798.7492636725,1380.52072674636,12750.5046170011
2021-01-26 15:35:36,,63034.9473345808,1381.19621467558,13655.117545019
2021-01-26 15:36:06,,47522.1119561796,1177.80909034945,12157.8543057849
2021-01-26 15:36:35,,73883.8936564678,1763.66794181923,13188.2344617376
2021-01-26 15:37:05,,59136.0947893085,1065.0335289011,13292.9512499597
2021-01-26 15:37:35,,52694.9387101043,1282.78347875859,11576.9366637038
2021-01-26 15:38:04,,115213.739329529,1665.67884685592,12524.793315705
2021-01-26 15:38:34,,16707.8232101791,0.0,2979.38284137752
2021-01-26 15:39:03,,25712.6827021675,0.0,2160.64359124319
2021-01-26 15:39:33,,15620.228874408,0.0,2416.3255047466
2021-01-26 15:40:03,,28799.7404796992,1186.7835488991,7873.6112185719
2021-01-26 15:40:32,,64707.7515816281,1283.29061897295,12495.0862412377
2021-01-26 15:41:02,,71931.886079818,1393.81994301525,12841.5702728095
2021-01-26 15:41:32,,72842.3382700854,1601.84740122952,16612.8766721755
2021-01-26 15:42:01,,58276.9404384366,1708.6982614868,13706.8907450534
2021-01-26 15:42:31,,67487.6727018155,1406.14261061504,15604.9961512922
26.01.2021 15:43:01.0014,,74605.4621002295,1555.52339228577,13005.0414785812
2021-01-26 15:43:30,,105170.013978685,1522.19583081766,14468.8796859859
2021-01-26 15:44:00,,62398.5461908169,1688.57041669222,11964.5727666614
2021-01-26 15:44:29,,66188.8023786598,1766.11243855702,17108.0116449691
2021-01-26 15:44:59,,72062.828510731,1496.23298097356,11532.7644253063
2021-01-26 15:45:29,,28049.3919668851,0.0,3033.3264998237
2021-01-26 15:45:58,,14711.9461735995,0.0,2648.27195832739
2021-01-26 15:46:28,,18641.7343916056,0.0,1556.07714320875
2021-01-26 15:46:57,,16490.9262139311,0.0,2098.84505300853
2021-01-26 15:47:27,,80391.5419219034,2701.91753667521,22462.193708361
2021-01-26 15:47:57,,67238.6963837194,1407.66392327072,15213.2893230867
2021-01-26 15:48:26,,70480.9734879505,1715.30061800002,11602.3161997323
2021-01-26 15:48:56,,112241.246104041,1149.12291737272,13544.3371438887
2021-01-26 15:49:26,,61243.0788989549,1132.45359294947,13903.9457302874
2021-01-26 15:49:55,,57440.7083695372,1444.03858134893,12023.4542719462
2021-01-26 15:50:25,,90033.8956262891,1981.97749565937,14683.5120731603
2021-01-26 15:50:54,,105170.506117194,1640.56657135499,12581.6585908624
2021-01-26 15:51:24,,71045.9479887721,1619.03556130547,14861.6664076234
2021-01-26 15:51:54,,61190.9552871727,1276.86746087252,13371.2115332202
2021-01-26 15:52:23,,51486.0515592616,1383.44812747483,12304.9201806389
2021-01-26 15:52:53,,15528.3305448619,484.331829490241,2647.16220129456
2021-01-26 15:53:23,,20511.876360254,0.0,1871.09724702915
2021-01-26 15:53:52,,19558.4589412217,0.0,2165.16955276018
2021-01-26 15:54:22,,51808.94546648,596.322164505502,7786.23909597468
2021-01-26 15:54:51,,81437.4076942103,1658.31377349648,14891.6173010066
2021-01-26 15:55:21,,65857.6132979504,1308.24683727256,14505.8084735487
2021-01-26 15:55:51,,70101.1737394999,1192.1331586168,13171.283696247
2021-01-26 15:56:20,,49954.6216599734,1236.91672404383,10139.5108961067
2021-01-26 15:56:50,,86501.4666848818,1779.4863051829,18812.0757087482
2021-01-26 15:57:20,,84188.6094876922,1096.16428075004,13151.0246925621
2021-01-26 15:57:49,,68776.5322151541,1728.27358282539,12477.8969853327
2021-01-26 15:58:19,,75708.6130538434,1961.24089275391,15201.5827066314
2021-01-26 15:58:48,,49566.2960491349,1122.02846174556,12432.6159289571
2021-01-26 15:59:18,,69734.1662839124,1514.95721425941,12059.3182126266
2021-01-26 15:59:48,,26333.0015274123,0.0,2606.68165518409
2021-01-26 16:00:17,,18250.1359396904,0.0,1890.8341988384
2021-01-26 16:00:47,,17804.8919574554,0.0,2052.20291995591
2021-01-26 16:01:16,,19350.6110203691,483.485954169997,1622.17464878327
2021-01-26 16:01:46,,99948.927191172,1336.69656436193,12188.611957144
2021-01-26 16:02:16,,57612.9862031326,1276.75174090601,11610.0398345968
2021-01-26 16:02:45,,78362.6779421216,1414.30399561525,13125.9612640123
2021-01-26 16:03:15,,89702.7171431206,1870.3150299709,15279.8454155685
2021-01-26 16:03:45,,50206.2562820362,1890.57838626575,17141.4136339016
2021-01-26 16:04:14,,83803.8057615109,1596.44610237955,19333.0491396326
2021-01-26 16:04:44,,64109.8135783264,1067.72522791612,12969.5277719174
2021-01-26 16:05:13,,68173.7211188772,906.125303379357,11818.7425203397
2021-01-26 16:05:43,,71347.2896096251,1434.57998648402,15629.9754046739
2021-01-26 16:06:13,,59284.185951743,1303.31770060081,13781.5673996638
2021-01-26 16:06:42,,54811.7646777874,1264.57701536047,8785.26868874979
2021-01-26 16:07:12,,17906.6878633338,0.0,1601.29439341292
2021-01-26 16:07:42,,18201.812778382,0.0,1929.69971533682
2021-01-26 16:08:11,,16862.0114796997,0.0,1947.68726231751
2021-01-26 16:08:41,,47727.8502497357,1049.14014156002,10027.4951766498
2021-01-26 16:09:10,,73449.6764465773,1324.7255226988,13694.9560863874
2021-01-26 16:09:40,,72250.1227981801,1562.72911599489,13176.8733039171
2021-01-26 16:10:10,,72518.5093472132,2105.09223923711,13212.215968812
2021-01-26 16:10:39,,93584.8880401445,1739.49905844667,18009.4725129172
2021-01-26 16:11:09,,80270.3727008572,1308.18446520881,17310.2463585184
2021-01-26 16:11:39,,68157.8678812094,1915.82585906586,13501.7748162469
2021-01-26 16:12:08,,60485.8263276472,1816.25364831324,16963.1222268607
2021-01-26 16:12:38,,83597.6248618244,1588.18511412949,16413.9518083374
26.01.2021 16:13:08.0082,,61330.5000553038,1100.69389039312,14097.7681225927
2021-01-26 16:13:37,,66228.6069798964,1414.65850776556,15495.5793851264
2021-01-26 16:14:07,,22997.6763864427,0.0,3315.52635256561
2021-01-26 16:14:36,,20903.1834151977,0.0,1849.6930722552
2021-01-26 16:15:06,,22734.8451715804,0.0,1668.82213650288
2021-01-26 16:15:36,,16363.1284102906,0.0,1464.7058437799
2021-01-26 16:16:05,,67810.6530675687,1239.09977587089,11221.4168149782
2021-01-26 16:16:35,,79988.8500206166,1438.08837399727,11956.3808506563
26.01.2021 16:17:05.0064,,83127.8421353214,1826.20417260281,18574.754960502
2021-01-26 16:17:34,,76061.3333160482,1418.16169193943,13864.7994770472
2021-01-26 16:18:04,,73735.4921296639,2048.39767334251,19497.4414855719
2021-01-26 16:18:33,,88200.2075182743,1189.18433960383,10683.5943523372
2021-01-26 16:19:03,,102382.177364601,1541.94486722562,16126.9367686245
2021-01-26 16:19:33,,83560.522290518,1316.19942573775,14248.6738957281
2021-01-26 16:20:02,,64085.5607698049,1482.1471495292,13005.0455709834
2021-01-26 16:20:32,,87733.8931634063,1074.12870851943,11618.5050412459
2021-01-26 16:21:01,,41322.0140385432,529.701929944007,5798.57538238438
2021-01-26 16:21:31,,0.0,0.0,2702.21136044388
2021-01-26 16:22:01,,16483.8049092005,0.0,1447.8655433001
2021-01-26 16:22:30,,14335.0304039408,0.0,1549.49159230597
2021-01-26 16:23:00,,64490.0310457078,785.832275485572,8651.49387319174
2021-01-26 16:23:30,,59812.8538522681,1011.40663805334,11948.4920697495
2021-01-26 16:23:59,,74054.0926841129,1465.31969729748,15039.0967472791
2021-01-26 16:24:29,,58658.3019134866,1135.59433931489,10513.6304829284
2021-01-26 16:24:58,,61544.7459444692,825.378801026304,10292.0561781582
2021-01-26 16:25:28,,128921.733152018,1900.55494905425,13319.1134998648
2021-01-26 16:25:58,,98150.1401115314,1076.55245861259,11951.2035279484
2021-01-26 16:26:27,,74631.7133756432,1503.5481009421,12757.655778015
2021-01-26 16:26:57,,72557.8181576807,1304.60027647773,15146.5899835319
26.01.2021 16:27:27.024,,71413.6419618237,1789.86064187306,16955.3644415764
2021-01-26 16:27:56,,90255.354931142,1662.52924809412,18850.6194373755
2021-01-26 16:28:26,,22270.9019226215,0.0,1778.75247537457
2021-01-26 16:28:55,,22557.7977914814,0.0,2294.6070830601
2021-01-26 16:29:25,,20220.546769002,0.0,1919.50163642313
2021-01-26 16:29:55,,18870.1031945393,0.0,1786.36907452114
2021-01-26 16:30:24,,54940.7716981009,953.159171010971,10999.3067716368
2021-01-26 16:30:54,,65163.8923187951,1935.21780541044,18263.3682104519
2021-01-26 16:31:24,,64917.8295655891,1091.08867576839,13542.8457444022
2021-01-26 16:31:53,,62802.7583034289,1204.52350625262,12389.0599583636
2021-01-26 16:32:23,,89950.6734680556,1402.97224634652,10966.2844507126
2021-01-26 16:32:52,,103794.026631449,2246.43175115658,19571.0051646496
2021-01-26 16:33:22,,60336.6455837349,1956.80117939638,16831.3778775969
2021-01-26 16:33:52,,83873.3791597355,2207.69401667528,16112.071740191
2021-01-26 16:34:21,,82686.6929760499,1965.83908888336,17230.904213783
2021-01-26 16:34:51,,90188.0577322474,1640.84077915085,16962.5242660809
2021-01-26 16:35:20,,22052.7206103046,0.0,3940.90153345034
2021-01-26 16:35:50,,23217.6141483889,0.0,2202.88392620551
2021-01-26 16:36:20,,19191.3432539111,0.0,1647.18842468752
2021-01-26 16:36:49,,19710.4300105519,0.0,2660.20083873032
2021-01-26 16:37:19,,87061.1592551838,1534.12169237431,18140.9590369837
2021-01-26 16:37:49,,77083.0482705794,2054.86347817338,17902.6954428528
2021-01-26 16:38:18,,69687.360287218,1048.60789436879,13725.3505503504
2021-01-26 16:38:48,,79578.3280215714,1655.40123034393,14767.0059188724
2021-01-26 16:39:17,,64398.9004545108,1230.48814927016,11340.1498029798
2021-01-26 16:39:47,,93476.0613835124,1525.13742022706,17329.1568656234
2021-01-26 16:40:17,,75454.273111647,2417.15689474438,16168.4564987099
2021-01-26 16:40:46,,66973.6530297807,1380.91540596616,13242.6051537272
2021-01-26 16:41:16,,62423.5341563818,5372.44405359327,11768.2455339758
2021-01-26 16:41:46,,81100.4230210963,1733.31616952991,15807.864644983
2021-01-26 16:42:15,,103406.982204559,2186.71261494819,19418.9158621198
2021-01-26 16:42:45,,16141.049423825,0.0,2661.29126572615
2021-01-26 16:43:14,,0.0,0.0,2270.16764955361
2021-01-26 16:43:44,,15991.2544340578,0.0,1811.75380923741
2021-01-26 16:44:14,,16255.7511068029,0.0,2270.01200968169
2021-01-26 16:44:43,,77279.7153785675,1042.9635436624,10371.0053910511
2021-01-26 16:45:13,,80699.5901635585,1089.66587576931,16727.0826635215
2021-01-26 16:45:43,,70865.7590236899,887.201528710229,11824.847370136
2021-01-26 16:46:12,,93753.1515831912,2078.61908717544,18821.8106228729
2021-01-26 16:46:42,,81884.0739594338,1458.96835671228,18569.5586504655
2021-01-26 16:47:11,,56057.5099929929,1992.52186251198,20968.0245056453
2021-01-26 16:47:41,,75714.2462043387,1235.83066450122,12518.9909565122
2021-01-26 16:48:11,,58930.11176314,1192.21666343406,14864.8725568862
2021-01-26 16:48:40,,84037.4835270745,1544.20813369473,13164.4429238066
2021-01-26 16:49:10,,66262.0260841065,2711.26536053391,17020.9471417409
2021-01-26 16:49:40,,24711.8388900936,689.503495785149,2590.43420950743
2021-01-26 16:50:09,,21187.1842844912,0.0,2467.78299958153
2021-01-26 16:50:39,,0.0,0.0,1819.16767580676
2021-01-26 16:51:08,,22760.4699036958,430.061614781997,2031.54214058779
2021-01-26 16:51:38,,106192.756271288,1247.51318797386,13398.3144758929
2021-01-26 16:52:08,,70604.7443971905,1466.37562681382,15809.276304837
2021-01-26 16:52:37,,65826.905738476,1269.05599198806,11119.1214347849
2021-01-26 16:53:07,,76747.6115938281,1360.67023046337,14263.762284945
2021-01-26 16:53:37,,62214.1452607913,1262.28078527951,13614.4378424148
2021-01-26 16:54:06,,71834.0545141891,1487.00001265379,13177.8022424838
2021-01-26 16:54:36,,70619.6068628102,1458.44551357709,18056.3511319076
2021-01-26 16:55:05,,87162.0658859468,1000.60288927011,13872.2113969081
2021-01-26 16:55:35,,72513.7267846739,1250.78029330207,12178.8137212844
2021-01-26 16:56:05,,70234.1549589215,1413.61966473266,11804.8876301578
2021-01-26 16:56:34,,62820.8930762113,1300.65969916502,12693.2477021813
2021-01-26 16:57:04,,0.0,0.0,2426.73414390749
2021-01-26 16:57:34,,11385.7707951744,0.0,1805.26042793068
2021-01-26 16:58:03,,17123.4892228606,0.0,1682.6033645425
2021-01-26 16:58:33,,35327.2101250682,493.085363924209,6907.59522262684
2021-01-26 16:59:02,,96997.0425835706,1728.8934776127,17433.2691339806
2021-01-26 16:59:32,,89428.954756892,890.896221355091,11673.8369713227
2021-01-26 17:00:02,,120597.448336125,1715.72968904856,19679.493755672
2021-01-26 17:00:31,,118579.72351768,1720.32715821225,21767.9870488896
2021-01-26 17:01:01,,112345.974824276,1444.23096780449,13392.6577654543
2021-01-26 17:01:31,,73623.539100988,1876.05374604844,18656.8456891528
2021-01-26 17:02:00,,108218.615239755,1424.06143802588,14558.5166083731
2021-01-26 17:02:30,,115361.546398487,1002.64870199207,9701.9906297773
2021-01-26 17:02:59,,72686.3405664327,1611.54578144172,18670.4863415697
2021-01-26 17:03:29,,99437.5433442982,935.84488439041,16907.4162944094
2021-01-26 17:03:59,,24978.7091539614,405.603300535638,2966.22170028534
2021-01-26 17:04:28,,14416.9171099327,0.0,2415.97066600487
2021-01-26 17:04:58,,16980.6931143227,0.0,2112.6333857726
2021-01-26 17:05:28,,14856.0189845362,0.0,1872.24341744505
2021-01-26 17:05:57,,112789.101119119,1249.13823165197,13914.250942361
2021-01-26 17:06:27,,75040.0499028357,1242.22349568579,14113.8172754515
2021-01-26 17:06:56,,110187.658836515,1601.72482056124,15277.3143446055
2021-01-26 17:07:26,,108665.014383505,1563.20129029934,16834.6264597702
2021-01-26 17:07:56,,79670.8948160964,1488.73775279242,14354.7888522227
2021-01-26 17:08:25,,139182.396719265,1576.83343559037,20606.0469002702
2021-01-26 17:08:55,,103734.294849086,1037.4602659206,13679.5927272547
2021-01-26 17:09:25,,76157.0878876218,1544.32086656047,16271.9341212513
2021-01-26 17:09:54,,86019.1329700327,1856.3317280135,16958.4106971757
2021-01-26 17:10:24,,71015.1440601592,1400.41206260308,14573.748007493
2021-01-26 17:10:53,,81601.0883152581,1256.23685219962,14788.0982889148
2021-01-26 17:11:23,,21255.3110132173,0.0,1860.2737186381
2021-01-26 17:11:53,,21783.9144660296,0.0,1484.34456276173
2021-01-26 17:12:22,,21293.0151251573,0.0,2294.98331798438
2021-01-26 17:12:52,,66598.471082758,1072.55494623807,7158.47284131367
2021-01-26 17:13:22,,104108.215759804,1106.46925608295,11065.1942479747
2021-01-26 17:13:51,,122278.846719796,1718.09765051286,16651.3769520691
2021-01-26 17:14:21,,88006.1049811544,1698.31510572402,19771.1011626253
2021-01-26 17:14:50,,97807.5439546173,1665.88898633209,20784.0619309421
2021-01-26 17:15:20,,134409.664817446,1749.21269519786,14068.5381210624
2021-01-26 17:15:50,,169608.581071792,1084.93596209198,13004.8069754706
2021-01-26 17:16:19,,135823.674309667,1835.90315686993,17726.7337282233
2021-01-26 17:16:49,,138410.620556929,1202.10946062459,15451.8446864962
2021-01-26 17:17:19,,86218.4225850827,1861.79663272186,19133.7536423539
2021-01-26 17:17:48,,147851.500683437,1918.99907359574,19534.5878714003
2021-01-26 17:18:18,,30818.17701969,0.0,2951.74089050793
2021-01-26 17:18:47,,18157.1173684155,0.0,1461.25445779853
2021-01-26 17:19:17,,15434.102988758,0.0,2178.317874612
2021-01-26 17:19:47,,21942.4515776677,0.0,1776.4274118735
2021-01-26 17:20:16,,105844.416830493,1687.24949113363,17196.1501554362
2021-01-26 17:20:46,,110313.548893325,1534.84177353747,19574.4073714891
2021-01-26 17:21:15,,88640.3381071445,1206.18144318133,14102.896202478
2021-01-26 17:21:45,,176714.910875231,944.586837550478,15174.2124632016
2021-01-26 17:22:15,,119487.431740682,1793.9648721258,21564.6958755154
2021-01-26 17:22:44,,85126.6389304068,1620.12807483141,15921.3218150261
2021-01-26 17:23:14,,87399.3483700178,1854.7604612686,18044.0542816768
2021-01-26 17:23:44,,91663.8440562241,1916.23760896876,15964.3580783431
2021-01-26 17:24:13,,88056.2580358168,2129.51559945242,16536.7825359622
2021-01-26 17:24:43,,163458.076932998,1633.78862823104,17217.6857652731
26.01.2021 17:25:13.0068,,69432.8280413446,804.559452121714,8293.56984155591
2021-01-26 17:25:42,,12789.6462657232,0.0,1934.05558606428
2021-01-26 17:26:12,,21312.5751798332,0.0,2055.43327626872
2021-01-26 17:26:41,,0.0,452.459542888202,1698.75779184304
2021-01-26 17:27:11,,79257.8064893853,1361.83341837339,13401.7377924944
2021-01-26 17:27:41,,94015.7833216699,1359.63651400763,13202.8461629757
2021-01-26 17:28:10,,138045.049705732,1629.81529524555,18513.5863042594
2021-01-26 17:28:40,,124520.700889703,1616.93165380629,17818.0750676491
2021-01-26 17:29:09,,141620.259082472,973.136570191966,13807.5930127976
2021-01-26 17:29:39,,109366.200208512,1786.78035017567,19555.1752829443
2021-01-26 17:30:09,,111287.440470503,1221.38712502414,13219.6892524026
2021-01-26 17:30:38,,107017.616505706,1306.12560352281,13690.9203539475
2021-01-26 17:31:08,,102957.92960844,823.47008506815,12746.401288927
2021-01-26 17:31:38,,87282.0516469661,1423.25839975652,17804.0535023343
2021-01-26 17:32:07,,101338.572072464,1234.21068635225,12786.7822629203
2021-01-26 17:32:37,,20843.7573286378,0.0,3382.99726632114
26.01.2021 17:33:07.026,,19039.0835445046,0.0,2499.36578990588
2021-01-26 17:33:36,,18452.1391981731,0.0,2171.18474596803
2021-01-26 17:34:06,,15289.5063160373,0.0,1657.93279600672
2021-01-26 17:34:35,,127824.942922412,1618.41597735308,17663.1948057266
2021-01-26 17:35:05,,89076.7208134113,1194.64884819966,14208.3165851621
2021-01-26 17:35:35,,140064.482698712,1613.10049462084,17673.3139500548
2021-01-26 17:36:04,,118332.302325206,2317.62069086243,22707.425048113
2021-01-26 17:36:34,,93273.9053533281,1343.36048000017,16179.0151484512
2021-01-26 17:37:04,,103106.889397291,1813.2694236268,18709.4270693891
2021-01-26 17:37:33,,112807.899792869,1843.0200103553,19922.3014717208
2021-01-26 17:38:03,,93167.9760866693,1471.35877154862,14764.252891959
2021-01-26 17:38:32,,124947.114208968,1498.17625357708,15974.0878658612
2021-01-26 17:39:02,,78313.5881127971,2088.71854459197,18632.2940103332
2021-01-26 17:39:32,,70803.019393578,356.626129880939,6407.68514650899
2021-01-26 17:40:01,,18722.8415743613,0.0,2166.1071727086
2021-01-26 17:40:31,,19707.4494880447,0.0,1733.25417952961
2021-01-26 17:41:01,,18034.710147873,0.0,2083.17607469509
2021-01-26 17:41:30,,99537.7947699922,2010.25519304429,18526.5844196888
2021-01-26 17:42:00,,111382.977377668,1655.66900538747,21085.9118702306
2021-01-26 17:42:29,,171106.395459357,1953.89750132334,18154.35069841
2021-01-26 17:42:59,,199552.451063347,2046.86071456977,18473.3332398559
2021-01-26 17:43:29,,120403.784662648,1389.62881766142,18685.2135764851
2021-01-26 17:43:58,,109042.243189841,1580.88960837131,18921.3168090439
2021-01-26 17:44:28,,86521.9603292583,1272.05416910499,16801.204392503
2021-01-26 17:44:58,,111622.415735734,1832.54178922085,11707.3800285098
2021-01-26 17:45:27,,83067.1742352162,2078.54371537278,20702.6287282231
2021-01-26 17:45:57,,137011.759911757,1446.25482369384,17292.0646108246
2021-01-26 17:46:26,,140599.489997434,1129.11623380593,11846.3086231603
2021-01-26 17:46:56,,18447.1802065319,0.0,1909.00369609681
2021-01-26 17:47:26,,16124.318752492,0.0,2435.07202743735
2021-01-26 17:47:55,,22679.7490614659,0.0,1852.37673280841
2021-01-26 17:48:25,,22335.6674296144,0.0,2604.67165648703
26.01.2021 17:48:55.062,,406480.516623758,1970.45540655859,23104.672016952
2021-01-26 17:49:24,,123831.706233097,1633.96046601144,18688.1815115998
2021-01-26 17:49:54,,134014.777835326,1259.87499736122,14175.2839122013
2021-01-26 17:50:23,,108880.624046024,1399.74659852558,18040.429491827
2021-01-26 17:50:53,,106792.999616752,2178.73389428124,24066.4848400187
2021-01-26 17:51:23,,102651.438291838,1379.19753106394,15385.0630715723
2021-01-26 17:51:52,,99240.3866530932,1588.03230252615,18608.1853345611
2021-01-26 17:52:22,,128424.114122675,1719.8181857354,21669.3747396755
2021-01-26 17:52:52,,97623.3421543653,1037.6974440606,13695.5349059947
2021-01-26 17:53:21,,93170.8918369615,1295.06365529522,22052.0352319171
2021-01-26 17:53:51,,67669.5045613459,0.0,3787.83715046031
2021-01-26 17:54:20,,13774.4821683493,0.0,2358.16220379838
2021-01-26 17:54:50,,21448.6512656692,0.0,2756.35486947279
2021-01-26 17:55:20,,24086.5876014337,0.0,1937.24075480153
2021-01-26 17:55:49,,153419.39950182,1696.93312917801,18429.6529057655
2021-01-26 17:56:19,,120881.752368855,1226.60155648813,15338.0468254305
26.01.2021 17:56:49.0038,,105732.439955119,1191.48433366446,14555.3874633603
2021-01-26 17:57:18,,113569.61434791,951.633430949974,17118.9417414648
2021-01-26 17:57:48,,92709.2199966488,1329.61848548465,16359.0838715137
2021-01-26 17:58:17,,103020.738413229,1096.89990964975,16196.6300911844
2021-01-26 17:58:47,,89921.2615986769,1288.87583928681,16966.8624330701
2021-01-26 17:59:17,,103495.579565963,1795.5357308042,15675.802682384
2021-01-26 17:59:46,,81515.8665650241,1227.06890190169,15305.0027696261
2021-01-26 18:00:16,,124071.507181831,1322.71565021497,18118.4473802739
2021-01-26 18:00:45,,112070.368212863,860.795657026476,14155.4530547097
2021-01-26 18:01:15,,21981.2919058043,548.282425595557,2663.851483563
2021-01-26 18:01:45,,17070.9897986392,0.0,2247.8467134555
2021-01-26 18:02:14,,16115.3295762208,0.0,1321.61305523064
2021-01-26 18:02:44,,15609.4456609113,0.0,1832.27772025578
2021-01-26 18:03:14,,73248.9874499198,1364.45159564468,13210.1503260782
2021-01-26 18:03:43,,85669.0687121297,1148.38784674815,11432.6819132109
2021-01-26 18:04:13,,137388.873793774,1025.44239851261,15799.8033573624
2021-01-26 18:04:42,,74582.2174803746,1235.84391351805,14494.1994528734
2021-01-26 18:05:12,,75491.047419026,855.065068284565,13394.0101320727
2021-01-26 18:05:42,,80853.9945328866,1424.37329541367,15973.0498981501
2021-01-26 18:06:11,,85413.8316440102,1420.31831877941,11676.8009851564
2021-01-26 18:06:41,,81292.0673996974,1605.32906110974,12865.0671323916
2021-01-26 18:07:10,,80363.4197908884,1013.32812866695,11342.8046908235
2021-01-26 18:07:40,,91944.8355416841,1409.31664358089,11989.3782691796
2021-01-26 18:08:10,,31410.1241426177,0.0,3631.98864933182
2021-01-26 18:08:39,,23895.411775783,0.0,2523.60256690006
2021-01-26 18:09:09,,16095.8633146688,0.0,1701.96131675029
26.01.2021 18:09:39.078,,19174.7127792909,0.0,1546.62178706203
2021-01-26 18:10:08,,97763.7148183188,844.571370577227,9245.81522963854
2021-01-26 18:10:38,,99369.431754515,1196.54009210659,18488.7258656061
2021-01-26 18:11:07,,119501.958095923,1193.63324900862,13364.7012492309
2021-01-26 18:11:37,,76944.5259701012,1114.46768432954,14437.3777089706
2021-01-26 18:12:07,,69218.3203993096,922.645343149004,12664.6988347205
2021-01-26 18:12:36,,106559.23336404,1248.96595373732,12521.6976170116
2021-01-26 18:13:06,,87528.05401944,906.947870501946,16980.7633994712
2021-01-26 18:13:36,,94214.9763417829,1103.37329946074,13776.4265699529
2021-01-26 18:14:05,,72476.1620601627,1152.20812552114,13126.4239326786
2021-01-26 18:14:35,,76560.6299849083,934.647284929785,9973.38204282483
2021-01-26 18:15:04,,149251.54788719,753.168821245986,10856.188609243
2021-01-26 18:15:34,,21214.4142238786,0.0,2395.50791191646
2021-01-26 18:16:04,,20217.9130860257,0.0,2236.00826245371
2021-01-26 18:16:33,,19409.500609653,0.0,1179.85352131395
2021-01-26 18:17:03,,0.0,1127.76919873248,8228.71247441922
26.01.2021 18:17:33.0048,,83671.7253442745,745.418877896172,12167.7782255371
2021-01-26 18:18:02,,92434.7640024583,993.325505101226,12321.0554325754
2021-01-26 18:18:32,,109910.650800674,571.268192635984,11257.1171004577
2021-01-26 18:19:01,,80261.8588750223,1401.11313542465,10996.3096675195
2021-01-26 18:19:31,,70921.0496848855,1131.25595007184,12194.8343271954
2021-01-26 18:20:01,,127336.580639508,773.152138816778,12293.1486935393
2021-01-26 18:20:30,,88863.2527636351,749.048219231921,12393.9539145094
2021-01-26 18:21:00,,97582.4907530471,1183.80409592512,10239.9268860892
2021-01-26 18:21:29,,81949.9802305266,733.724810624919,10884.8387305096
2021-01-26 18:21:59,,60394.8502932854,746.395022928975,10493.0692260765
2021-01-26 18:22:29,,35280.1637231564,0.0,3025.05670794112
2021-01-26 18:22:58,,23839.6568564091,0.0,2221.99020194295
2021-01-26 18:23:28,,18911.6343193617,0.0,2701.14346429187
2021-01-26 18:23:58,,0.0,0.0,2049.95260541791
2021-01-26 18:24:27,,92396.859418735,897.446005995131,13753.8830431762
2021-01-26 18:24:57,,125883.718582128,1234.2816271233,13174.4092802144
2021-01-26 18:25:26,,112977.550595007,1464.72059987335,14190.8288974755
2021-01-26 18:25:56,,111803.425725129,901.985302657456,11928.9440931764
2021-01-26 18:26:26,,127804.402665036,1249.42260260659,12915.5681927904
2021-01-26 18:26:55,,134407.351643044,1116.39347417829,12988.3564604414
2021-01-26 18:27:25,,117262.747084898,801.508418806961,16708.0326715654
2021-01-26 18:27:54,,70793.8974308953,761.503311316117,10838.4087102506
2021-01-26 18:28:24,,83454.3018269876,1175.19915115177,11223.8389938021
2021-01-26 18:28:54,,75077.0893507741,977.611713218166,11704.2643745157
2021-01-26 18:29:23,,114789.689373212,624.533754602446,11772.4191887656
2021-01-26 18:29:53,,18629.5670154862,0.0,2530.93847983607
2021-01-26 18:30:23,,23495.0332966468,0.0,2411.28874591436
2021-01-26 18:30:52,,18139.8968263943,0.0,2689.33278699288
2021-01-26 18:31:22,,43426.8121909007,399.206676765469,8023.12222134087
2021-01-26 18:31:51,,92008.7375649113,984.555285338355,12324.4506900429
2021-01-26 18:32:21,,161322.086038327,744.14664009569,11481.5505204054
2021-01-26 18:32:51,,100561.858950513,1499.79635844688,14469.7331760789
2021-01-26 18:33:20,,95513.6427217764,914.594274568473,12418.4284722932
2021-01-26 18:33:50,,86998.9287597976,904.92989996328,12323.639778302
2021-01-26 18:34:20,,97261.1502040247,1334.95333148487,14119.8531147251
2021-01-26 18:34:49,,118077.563297902,1024.8029362926,12679.511081482
2021-01-26 18:35:19,,105624.327115914,708.934500717393,12585.405710209
2021-01-26 18:35:48,,67689.0398970556,918.20712122498,10972.3799951825
2021-01-26 18:36:18,,95380.1935400805,931.930555007451,12550.2323873687
2021-01-26 18:36:48,,26902.2672239635,0.0,2709.76828556127
2021-01-26 18:37:17,,13271.0077878774,0.0,2327.65306118109
2021-01-26 18:37:47,,20186.1870238786,0.0,2570.16438167785
2021-01-26 18:38:16,,21067.8039712681,0.0,2207.66947013428
2021-01-26 18:38:46,,151326.982928877,1404.28627607201,12803.8631006583
2021-01-26 18:39:16,,109123.834688985,902.91390508974,20717.602833575
2021-01-26 18:39:45,,147961.789656102,919.431175563196,13349.3994337677
2021-01-26 18:40:15,,107483.520549833,1156.20574526585,13615.3471917498
2021-01-26 18:40:45,,84460.0339825984,875.310863076499,11606.0598242835
2021-01-26 18:41:14,,96216.9360249545,929.228660655635,13211.9287683434
2021-01-26 18:41:44,,80229.286260848,969.183827361247,12049.6981881656
2021-01-26 18:42:13,,81424.9425602252,572.370156240083,11003.3986781935
2021-01-26 18:42:43,,81951.9287123718,1165.22071108467,8629.35036287241
2021-01-26 18:43:13,,83055.0236430438,1283.11367081028,11288.5328254833
2021-01-26 18:43:42,,56957.8773282406,492.607521221844,8479.54131560174
2021-01-26 18:44:12,,19254.097325115,0.0,2573.69580010203
2021-01-26 18:44:41,,17089.2979905039,0.0,1872.21381529898
2021-01-26 18:45:11,,18027.3040085206,0.0,2171.87386786972
2021-01-26 18:45:41,,59678.5780683359,527.938538529467,5789.72399195021
2021-01-26 18:46:10,,91892.8089431903,915.923836557175,10074.9598345431
2021-01-26 18:46:40,,83121.1149185363,626.373336391196,13123.1693237343
2021-01-26 18:47:10,,95756.268270999,1007.95202236046,14038.3780890747
2021-01-26 18:47:39,,67752.7591268756,937.066469786433,15111.672699759
2021-01-26 18:48:09,,68276.4389256688,1058.12892000255,11338.0382456869
2021-01-26 18:48:38,,116378.724390417,461.664317618691,11100.235011956
2021-01-26 18:49:08,,99904.7467365122,1062.44190948108,11771.5113798741
2021-01-26 18:49:38,,99027.6596535991,669.129693435529,11169.1946157781
2021-01-26 18:50:07,,64543.6995113739,1102.43123700131,13562.6984705634
2021-01-26 18:50:37,,93894.0197067514,695.877476983269,12164.2217718498
2021-01-26 18:51:07,,26281.906553055,558.061802853487,2429.84373207851
2021-01-26 18:51:36,,23155.7211654451,0.0,2388.65969480007
2021-01-26 18:52:06,,17408.1766553224,0.0,2239.17600168905
2021-01-26 18:52:35,,19206.9372625857,0.0,1281.2294928129
2021-01-26 18:53:05,,82572.1977162523,840.413053434616,10324.4582182055
26.01.2021 18:53:35.067,,90395.7097603415,956.507860451914,12761.2904554838
2021-01-26 18:54:04,,63901.4939711922,0.0,8905.23789150577
2021-01-26 18:54:34,,94140.4146161145,0.0,8787.46530021792
26.01.2021 18:55:04.002,,92067.3140456518,448.493623108958,9252.46436489823
2021-01-26 18:55:33,,52444.9498787306,790.27156234537,10687.7238492415
2021-01-26 18:56:03,,85041.8719255127,830.821823639373,8448.07052264187
2021-01-26 18:56:32,,62381.1068046901,664.479965591674,10622.1363691126
2021-01-26 18:57:02,,86356.0860614396,905.45519298413,12524.4746211412
26.01.2021 18:57:32.0082,,100014.84197528,679.721659041924,12978.3124263166
2021-01-26 18:58:01,,110474.769466457,639.063068222345,7448.21460465573
2021-01-26 18:58:31,,29436.17499383,0.0,2263.15556381677
2021-01-26 18:59:00,,0.0,0.0,2312.75077804896
2021-01-26 18:59:30,,26410.6591323807,0.0,1734.30450209033
2021-01-26 19:00:00,,55057.3154752654,0.0,10076.0028108872
2021-01-26 19:00:29,,77813.9560316575,550.578121191177,11030.9690580608
2021-01-26 19:00:59,,85619.2350248517,0.0,11137.1586095534
2021-01-26 19:01:28,,127019.480719536,593.107717166502,8434.47396121191
2021-01-26 19:01:58,,110039.61879746,987.740628923733,9586.99516866749
2021-01-26 19:02:28,,101113.210733365,606.328707823259,8467.75053488639
2021-01-26 19:02:57,,108707.732123399,661.29234668182,8744.22547685374
2021-01-26 19:03:27,,64631.6961735155,692.216074754818,9273.05032478378
2021-01-26 19:03:57,,97503.425095439,1785.32368691443,14086.9168742144
2021-01-26 19:04:26,,99711.8391566907,697.535692852455,8422.630484815
2021-01-26 19:04:56,,76255.9281286485,757.023188161908,8946.9422156091
2021-01-26 19:05:25,,22354.7417414137,0.0,2770.00303432088
2021-01-26 19:05:55,,17026.2520867986,0.0,1179.60833812231
2021-01-26 19:06:25,,17032.1234281393,0.0,2054.01767696771
2021-01-26 19:06:54,,20943.2315784116,0.0,2134.54219472372
2021-01-26 19:07:24,,68324.7058975375,0.0,8002.24421995898
2021-01-26 19:07:54,,100318.928769404,741.70842990265,10558.3725936825
2021-01-26 19:08:23,,81887.4095778013,0.0,9574.72499035494
2021-01-26 19:08:53,,75954.5261745682,865.516073155468,10360.2959177513
2021-01-26 19:09:22,,89334.8631553969,628.633730907507,10507.4507380761
2021-01-26 19:09:52,,88305.0931956614,599.249755677762,9514.7907144324
2021-01-26 19:10:22,,78623.8214432954,722.774549002466,11343.3994107423
2021-01-26 19:10:51,,78066.9126750774,844.137299169694,13730.6344190399
2021-01-26 19:11:21,,99058.3395088462,1083.96949178626,9379.59421309584
2021-01-26 19:11:51,,87420.3725250818,1148.87269306742,9969.46636482978
2021-01-26 19:12:20,,41650.1487228773,472.621853892824,4074.1619783113
2021-01-26 19:12:50,,17199.3091300812,0.0,1446.2384980445
2021-01-26 19:13:19,,17191.4451782901,0.0,2428.48988760734
2021-01-26 19:13:49,,18703.2849412622,510.507560356067,1782.68684057339
2021-01-26 19:14:19,,62205.0577326249,587.351892253678,9289.90141865099
2021-01-26 19:14:48,,72607.7161643588,597.37351086618,7620.56500823362
2021-01-26 19:15:18,,56401.6276898888,815.342779720548,12261.0505424599
2021-01-26 19:15:48,,71310.1398094415,623.290930017184,8435.56464904126
2021-01-26 19:16:17,,64581.6046925999,0.0,9245.64795978147
2021-01-26 19:16:47,,69577.107358645,980.950640618698,11869.2793333164
2021-01-26 19:17:16,,59041.2900550969,0.0,9140.66777595444
2021-01-26 19:17:46,,127733.270769147,639.098598666383,9686.35353845987
2021-01-26 19:18:16,,83819.3566553442,725.881703724651,8217.15154228592
2021-01-26 19:18:45,,61944.6610473809,974.958664953964,11796.3553560962
2021-01-26 19:19:15,,66885.8115492344,801.092276908452,12874.5549855917
2021-01-26 19:19:45,,19868.3589700055,0.0,1787.49183009932
2021-01-26 19:20:14,,21996.6305468585,0.0,1908.94585741453
2021-01-26 19:20:44,,14827.2892026142,0.0,1702.10081997354
2021-01-26 19:21:13,,20061.3324505639,0.0,1483.81004201104
2021-01-26 19:21:43,,59328.0039090901,610.040183121334,9681.60122282665
2021-01-26 19:22:13,,109446.253549884,823.63250277861,12621.9572080143
2021-01-26 19:22:42,,60399.2298330309,739.904874974011,8448.20379941364
2021-01-26 19:23:12,,147749.813581315,377.836818482,10572.721131294
2021-01-26 19:23:41,,68686.6353313823,593.026114438549,9573.78916096939
2021-01-26 19:24:11,,67012.0521978885,752.496331239019,10412.2831153872
2021-01-26 19:24:41,,68411.8202922409,748.285601112574,7915.78096653439
2021-01-26 19:25:10,,81403.5741542215,655.694404979562,8194.03963065007
2021-01-26 19:25:40,,105472.133777148,680.209919567654,9658.4497438417
2021-01-26 19:26:10,,66556.0595155974,638.356687641736,10323.800093585
2021-01-26 19:26:39,,26241.4780606564,0.0,3066.54571743595
2021-01-26 19:27:09,,18554.8115184316,0.0,2191.63129995917
2021-01-26 19:27:38,,0.0,0.0,1992.8587670347
2021-01-26 19:28:08,,17078.4167606412,0.0,1727.71331121176
2021-01-26 19:28:38,,69948.0936485301,788.150991584575,8501.80743366051
2021-01-26 19:29:07,,78928.0380090886,462.033678764906,9235.85793374791
2021-01-26 19:29:37,,65251.2585313772,647.789484190635,8344.27088231915
26.01.2021 19:30:07.041,,381846.456586009,699.063488521422,9574.83066114524
2021-01-26 19:30:36,,85371.1895509695,859.062550274296,6381.61936688156
2021-01-26 19:31:06,,83608.3072253005,566.605162068464,11300.8671569318
2021-01-26 19:31:35,,74576.8431086302,974.560158185945,8236.13069537376
2021-01-26 19:32:05,,69970.9863607392,721.674072621379,8581.2145483199
2021-01-26 19:32:35,,86772.0088679583,648.221256380781,7962.97153152107
2021-01-26 19:33:04,,56628.1829351777,979.020620472924,14215.373589938
2021-01-26 19:33:34,,116474.652036004,715.29487038814,8397.25390967182
2021-01-26 19:34:04,,19238.1091836319,0.0,2704.5838052722
2021-01-26 19:34:33,,17851.9600422397,0.0,1763.0625716898
2021-01-26 19:35:03,,14000.3957159337,0.0,2076.41958149594
2021-01-26 19:35:32,,21602.8527374379,425.558032551763,2435.15209383597
2021-01-26 19:36:02,,73081.5626222277,799.608747904707,8686.65010500669
2021-01-26 19:36:32,,108276.333669553,673.750009461859,9248.86361951366
2021-01-26 19:37:01,,132429.475898668,1045.95580982619,7968.71845921978
2021-01-26 19:37:31,,83337.5587294965,1189.46117421504,11176.4374895755
26.01.2021 19:38:01.014,,90616.3942117328,433.408795167209,10138.7376413237
2021-01-26 19:38:30,,82437.0322084941,750.893667769898,8849.00181299892
2021-01-26 19:39:00,,79978.2462752949,0.0,7836.25310227563
2021-01-26 19:39:29,,71403.6768164422,589.610060897758,8214.22066636256
2021-01-26 19:39:59,,118171.212706914,864.685391579789,9379.04872899633
2021-01-26 19:40:29,,81465.3283998281,855.248934303456,12282.0123786769
2021-01-26 19:40:58,,20016.9767405026,0.0,3644.66971865635
2021-01-26 19:41:28,,13852.9642451162,0.0,2461.11359329681
2021-01-26 19:41:57,,17774.3887281706,476.681954528194,2392.71643683209
2021-01-26 19:42:27,,17655.508009853,0.0,1999.20376371154
2021-01-26 19:42:57,,51898.2542571474,597.176488070237,8995.42599341375
2021-01-26 19:43:26,,83688.4732829452,410.663099645611,9519.12361550072
2021-01-26 19:43:56,,76306.9761063125,0.0,7504.93737280516
2021-01-26 19:44:26,,119123.772430802,677.940408991194,8733.4920601654
2021-01-26 19:44:55,,90120.8786881459,572.457591896084,8077.86610659616
2021-01-26 19:45:25,,71273.2282312008,595.661328146733,9071.41593819903
2021-01-26 19:45:54,,89125.8957642622,364.145937106115,9690.89386564355
2021-01-26 19:46:24,,62890.2454463849,443.053994577292,8442.1600821518
2021-01-26 19:46:54,,74200.7974437626,663.593082276601,13673.6822101547
2021-01-26 19:47:23,,75917.180991933,520.807666547709,9165.80569650531
2021-01-26 19:47:53,,70643.1616425997,681.374434372779,6209.193824717
2021-01-26 19:48:23,,24936.6327562921,0.0,2651.44394000568
2021-01-26 19:48:52,,16092.2715954979,0.0,2870.66026172075
2021-01-26 19:49:22,,18325.1092186335,0.0,2333.61423115425
2021-01-26 19:49:51,,28140.7847345459,520.542391871297,4277.47199339006
2021-01-26 19:50:21,,70441.5059369,0.0,8006.30248352301
2021-01-26 19:50:51,,68078.2898739753,828.931033467014,9217.77112534577
2021-01-26 19:51:20,,92909.575200401,604.449448364106,8888.70711199414
2021-01-26 19:51:50,,93584.7961014534,598.119847053455,9116.36548135718
2021-01-26 19:52:20,,55441.3632277736,547.721288771594,9064.82898123407
2021-01-26 19:52:49,,63130.1761235927,961.064340881219,9756.57369197718
2021-01-26 19:53:19,,64403.0632002549,451.239094197612,8904.90262109164
2021-01-26 19:53:48,,100291.040254702,565.783027858024,8575.02092681971
2021-01-26 19:54:18,,70162.123198536,1000.40263245067,9373.10829818475
2021-01-26 19:54:48,,91077.4303149394,688.494708162342,8329.53972998625
2021-01-26 19:55:17,,22859.0958801769,0.0,2766.86628203272
2021-01-26 19:55:47,,18389.2099038098,0.0,2144.85110234799
2021-01-26 19:56:17,,21764.8870908946,0.0,1771.81515139409
2021-01-26 19:56:46,,21573.7367507147,0.0,1795.37225932249
2021-01-26 19:57:16,,55111.7911331941,0.0,5932.27007490094
2021-01-26 19:57:45,,66656.660520086,521.878751756666,8676.07633016504
2021-01-26 19:58:15,,59024.1347839871,592.630253149779,8748.05787911261
2021-01-26 19:58:45,,80670.7277133573,606.527662771014,8817.68784296289
2021-01-26 19:59:14,,56901.0123176427,498.910316197993,6934.40562644889
2021-01-26 19:59:44,,76480.0971897681,570.546387975532,8908.51244253338
26.01.2021 20:00:14.088,,162439.216276264,502.615824640863,7460.83304120566
2021-01-26 20:00:43,,84652.8674710832,723.989940476626,8233.27187529267
2021-01-26 20:01:13,,69717.558204283,664.924864389358,9050.20034764153
2021-01-26 20:01:42,,52111.4537148011,459.266136218389,8856.03578313839
2021-01-26 20:02:12,,106345.176547921,665.8385097904,6563.98909090657
2021-01-26 20:02:42,,18910.5571020323,0.0,1767.01518055579
2021-01-26 20:03:11,,19440.4071170462,0.0,1660.19557716867
2021-01-26 20:03:41,,0.0,0.0,1615.2578558564
2021-01-26 20:04:11,,34364.1046526735,0.0,4468.65127042907
2021-01-26 20:04:40,,97290.6797166674,604.107294058624,8804.28467190485
2021-01-26 20:05:10,,56138.4827280931,621.950297347745,8528.03250447613
2021-01-26 20:05:39,,49667.4049933348,635.389256165518,6216.07725303964
2021-01-26 20:06:09,,67667.322067171,521.598498657172,5894.91860761881
2021-01-26 20:06:39,,63946.0358605001,0.0,7573.26316433954
2021-01-26 20:07:08,,103555.131743033,465.967587054277,6706.45471708323
2021-01-26 20:07:38,,54604.6309022364,532.776578044598,5981.65418555043
26.01.2021 20:08:08.064,,66651.5863684909,751.089498765129,7802.92387127489
2021-01-26 20:08:37,,52794.8279886059,0.0,8230.276783529
2021-01-26 20:09:07,,80962.6001596659,562.704617044263,6635.6775711397
2021-01-26 20:09:36,,14855.0893803441,0.0,2053.99326228491
2021-01-26 20:10:06,,19618.6107813755,0.0,1910.36315589097
2021-01-26 20:10:36,,0.0,0.0,1974.09009194219
2021-01-26 20:11:05,,14146.2178155609,0.0,2388.63761443906
2021-01-26 20:11:35,,59673.7799724555,0.0,5531.81725782093
26.01.2021 20:12:05.0076,,62300.3343083563,654.607269069199,7771.83513527641
2021-01-26 20:12:34,,108335.116433505,450.708759953338,6362.59341824852
2021-01-26 20:13:04,,47858.765327635,462.89903055977,6318.02865046576
2021-01-26 20:13:33,,64171.294589456,622.011905840838,5969.65622099325
2021-01-26 20:14:03,,49791.1235747846,497.357342598754,6608.56166279437
2021-01-26 20:14:33,,44427.2427216607,368.600222463618,6154.63618621681
2021-01-26 20:15:02,,53885.2244708279,0.0,6156.35986358052
2021-01-26 20:15:32,,67020.7163052635,601.862926091877,6440.52330650493
26.01.2021 20:16:02.0034,,146698.149086104,409.140238722345,8629.98061810827
2021-01-26 20:16:31,,71712.2912381845,0.0,2900.23731608369
2021-01-26 20:17:01,,17330.4476851175,0.0,2182.11244489597
2021-01-26 20:17:30,,17205.6338406768,435.529234557996,1874.51135967291
2021-01-26 20:18:00,,17632.6199499736,0.0,2140.55218531956
2021-01-26 20:18:30,,36145.1838849623,831.20747076114,4759.23026473445
2021-01-26 20:18:59,,53665.4160371699,0.0,9392.1205763464
2021-01-26 20:19:29,,51721.5649526132,582.338570912282,6889.1770774995
2021-01-26 20:19:58,,43999.8115872066,614.304362648012,5843.17140585393
2021-01-26 20:20:28,,73381.7981674435,0.0,5962.11240369979
2021-01-26 20:20:58,,53381.1304879718,488.126586187816,4931.81795783033
2021-01-26 20:21:27,,65754.1303464218,0.0,5663.09944940393
2021-01-26 20:21:57,,65186.6972203134,0.0,5482.50461825196
2021-01-26 20:22:26,,33759.1567519347,0.0,5939.05813455462
2021-01-26 20:22:56,,46191.5660607509,0.0,6061.02351316796
2021-01-26 20:23:26,,54695.4688639793,451.105089255861,6055.67197177106
2021-01-26 20:23:55,,18083.4393187263,0.0,2006.7785697514
2021-01-26 20:24:25,,15156.1023368747,0.0,1579.65560952599
2021-01-26 20:24:55,,17004.4319430854,0.0,1902.47062609308
2021-01-26 20:25:24,,17414.2517391192,0.0,1486.32912402918
2021-01-26 20:25:54,,79869.7134026681,1257.5763580772,7163.27368780041
2021-01-26 20:26:23,,45741.6951330349,0.0,5346.42561753658
2021-01-26 20:26:53,,84717.6572927168,694.605875330423,5705.02983406877
2021-01-26 20:27:23,,44204.4544685403,791.491874314512,5936.65453119509
2021-01-26 20:27:52,,79439.7625856806,955.845600678921,6755.87736112282
2021-01-26 20:28:22,,44991.178112122,675.100409042091,5149.84613052195
2021-01-26 20:28:52,,60637.3043970974,0.0,6060.29487090747
2021-01-26 20:29:21,,47947.4388247928,698.281853815842,8951.11837237045
2021-01-26 20:29:51,,152618.882350086,0.0,6192.72470705178
2021-01-26 20:30:20,,42863.8230644987,631.807649723872,5933.49031896285
2021-01-26 20:30:50,,30169.4918509518,0.0,3638.81129242785
2021-01-26 20:31:20,,19382.4644230479,0.0,1548.58621482855
2021-01-26 20:31:49,,20084.9022252545,0.0,1470.61266455616
2021-01-26 20:32:19,,13846.5997689862,0.0,1580.66359141641
2021-01-26 20:32:49,,51307.3699931258,0.0,5355.25350926245
2021-01-26 20:33:18,,58810.1682226271,562.374167782898,7260.6759997808
2021-01-26 20:33:48,,42084.270987631,954.180689709687,10398.2589198389
2021-01-26 20:34:17,,49566.4017654958,0.0,5236.41048250695
2021-01-26 20:34:47,,61877.4844505742,471.741933272519,6329.71541995659
2021-01-26 20:35:17,,54206.422432811,484.438208741364,6081.30517255744
2021-01-26 20:35:46,,52775.5569605083,497.863104464009,5851.96700706593
2021-01-26 20:36:16,,58398.0528214496,486.85285351811,6307.00249105339
2021-01-26 20:36:46,,43270.5164663159,504.124842951281,4948.14719220255
2021-01-26 20:37:15,,37382.739809853,352.313225567246,5595.46035986048
2021-01-26 20:37:45,,61208.5790890989,0.0,6032.22788563024
2021-01-26 20:38:14,,16609.3673111559,0.0,1962.93769543261
2021-01-26 20:38:44,,17771.3480463952,0.0,1359.63962977761
2021-01-26 20:39:14,,12857.2498366334,0.0,1845.37895477595
2021-01-26 20:39:43,,23081.4675839602,0.0,1442.38757547039
2021-01-26 20:40:13,,73542.5993725792,477.928064146943,6781.21641959737
2021-01-26 20:40:43,,49948.8128574736,0.0,5325.80762351666
2021-01-26 20:41:12,,49584.5374325057,492.718687478725,5615.17676177287
2021-01-26 20:41:42,,59884.4189286718,466.710609039769,6243.68452584585
2021-01-26 20:42:11,,43791.3714338867,439.570488455703,7685.66460610582
2021-01-26 20:42:41,,43793.7638776863,662.671587645194,4774.03487152196
2021-01-26 20:43:11,,64413.7259648517,0.0,6633.63133890653
2021-01-26 20:43:40,,50907.4821511422,985.771322448002,7290.66616690526
2021-01-26 20:44:10,,50038.6884142938,0.0,6496.44039103573
26.01.2021 20:44:40.068,,50095.8006057449,411.652344165877,5421.00092699453
2021-01-26 20:45:09,,31806.4098972122,0.0,2433.40047927124
2021-01-26 20:45:39,,21173.8096885247,0.0,1226.76458513182
2021-01-26 20:46:08,,20219.6331790648,0.0,2010.54489182378
2021-01-26 20:46:38,,14606.8173593992,0.0,1854.97383093547
2021-01-26 20:47:08,,40982.6695873121,412.599444639068,4800.43078978114
2021-01-26 20:47:37,,49171.9478465156,0.0,6484.06167277162
2021-01-26 20:48:07,,41585.1265976941,647.016248268419,5012.85252271504
2021-01-26 20:48:37,,54780.1864699471,0.0,5737.74317376282
2021-01-26 20:49:06,,62028.7388570431,492.634726503679,5052.79970802427
2021-01-26 20:49:36,,79519.1352179159,0.0,3729.82267598
2021-01-26 20:50:05,,73308.7510973666,609.74694654906,6564.68248209905
2021-01-26 20:50:35,,51582.8042403546,533.073076613312,6526.84400735869
2021-01-26 20:51:05,,55160.3898145304,624.956452601327,4878.66360875505
2021-01-26 20:51:34,,40661.4285334539,0.0,6771.52886080103
2021-01-26 20:52:04,,68994.7910045672,400.415452961115,4438.06457468745
2021-01-26 20:52:34,,17312.7596588881,0.0,1816.19129745568
2021-01-26 20:53:03,,16462.5756177759,0.0,1517.64768052641
2021-01-26 20:53:33,,0.0,0.0,1879.38143234618
2021-01-26 20:54:02,,19618.8305861755,0.0,2937.67330208564
2021-01-26 20:54:32,,30076.339788303,314.920648559741,5459.52029039211
2021-01-26 20:55:02,,36164.213120201,545.608240779744,5926.52234435181
2021-01-26 20:55:31,,69616.573654172,0.0,4964.7872919318
2021-01-26 20:56:01,,43332.6371445098,625.795364451769,4933.30561577173
26.01.2021 20:56:31.086,,69073.0823968881,995.456214263185,6759.75782338613
2021-01-26 20:57:00,,46182.2300397081,489.092598035965,6432.10123147255
2021-01-26 20:57:30,,87002.6892704812,611.313554177435,5229.68988824773
2021-01-26 20:57:59,,41828.4219120875,444.741143534948,6819.18027996223
2021-01-26 20:58:29,,83744.7796379969,456.598581096756,6843.36401535962
2021-01-26 20:58:59,,51481.1429212421,370.886347856233,6047.86710183425
2021-01-26 20:59:28,,19499.0205197787,0.0,1881.09384669724
2021-01-26 20:59:58,,14776.6272572837,0.0,1634.7328420447
2021-01-26 21:00:28,,16519.085059105,0.0,1783.05148543825
2021-01-26 21:00:57,,22421.3024456145,0.0,1500.68429435187
2021-01-26 21:01:27,,40950.7706369428,0.0,6284.78149644102
2021-01-26 21:01:56,,55179.6264068116,588.500994864876,6097.41584429076
2021-01-26 21:02:26,,40071.0150876367,650.974613746783,4982.94901571763
2021-01-26 21:02:56,,86694.6009497135,604.773459519239,6463.2425225214
2021-01-26 21:03:25,,53757.2862000328,716.86463406369,5374.64688745236
2021-01-26 21:03:55,,46078.0915323931,672.457477879957,5080.73076822001
2021-01-26 21:04:25,,51718.416637162,592.905441945888,3966.44064813043
2021-01-26 21:04:54,,39393.5421972692,0.0,4574.38130184578
2021-01-26 21:05:24,,50804.6623077349,777.318528375902,6618.00757726231
2021-01-26 21:05:53,,50394.5921634358,0.0,6003.39300061285
2021-01-26 21:06:23,,35094.5829872266,0.0,6011.87874328167
2021-01-26 21:06:53,,20747.4184764355,0.0,1121.49466866638
2021-01-26 21:07:22,,13910.7414561591,0.0,1823.76911958121
2021-01-26 21:07:52,,0.0,0.0,1535.87557568021
2021-01-26 21:08:22,,20235.0334483587,0.0,2996.60971540526
2021-01-26 21:08:51,,44926.2951654463,467.719236200578,5704.41096512542
2021-01-26 21:09:21,,77842.2862165125,527.781460309764,5667.64419493057
2021-01-26 21:09:50,,80166.1176942227,751.253420224755,7881.77641520231
2021-01-26 21:10:20,,44330.7931239082,405.249624635587,5168.0644358747
2021-01-26 21:10:50,,44067.2639260513,510.619099498683,4679.85994749155
2021-01-26 21:11:19,,46813.9577618011,645.09917051663,5680.59405595897
2021-01-26 21:11:49,,46306.0210708776,416.228859229501,6239.25487584289
2021-01-26 21:12:18,,57254.815345425,370.565367275058,5023.05765997122
2021-01-26 21:12:48,,44816.6382008962,0.0,4118.50343315862
2021-01-26 21:13:18,,43631.1186320164,895.343663222428,6511.08430984265
2021-01-26 21:13:47,,21037.7973131526,0.0,2627.74616030523
2021-01-26 21:14:17,,0.0,0.0,2513.21262913599
2021-01-26 21:14:47,,19850.2571468669,0.0,1774.83244975618
2021-01-26 21:15:16,,12975.509498488,0.0,1586.23639086617
2021-01-26 21:15:46,,38700.9795862336,336.490405243153,4868.10539889869
2021-01-26 21:16:15,,38890.4088651669,0.0,4008.43143412753
2021-01-26 21:16:45,,75613.93958749,590.248833132225,5533.02255015908
2021-01-26 21:17:15,,41141.5415989816,418.429325930339,5507.54068919193
2021-01-26 21:17:44,,35881.8165120537,695.382346919397,4869.61336362216
2021-01-26 21:18:14,,85063.5004499854,0.0,4748.36989930274
2021-01-26 21:18:44,,44146.8433165882,636.448530187162,8473.72760607927
2021-01-26 21:19:13,,37580.6527976838,622.954595954195,5052.49233060335
2021-01-26 21:19:43,,70718.3781474905,586.539797654224,10123.1748128339
2021-01-26 21:20:12,,56826.814538567,692.962792705386,6347.13313117699
2021-01-26 21:20:42,,68648.8578249654,0.0,5787.90276673257
2021-01-26 21:21:12,,22663.314546145,0.0,2343.72631477108
2021-01-26 21:21:41,,22812.1653597311,0.0,2255.85086623295
2021-01-26 21:22:11,,18110.4955489917,0.0,2199.01624382691
2021-01-26 21:22:41,,23486.0342661788,0.0,4000.88742424555
2021-01-26 21:23:10,,47132.4598908972,553.064680447467,5105.15432091858
2021-01-26 21:23:40,,49008.3725104399,0.0,4020.06983374608
2021-01-26 21:24:09,,48087.4626636777,0.0,3763.20452452035
2021-01-26 21:24:39,,62385.576238925,294.894771802987,4583.0408122689
2021-01-26 21:25:09,,43856.332237513,398.83037628171,5214.4179755626
2021-01-26 21:25:38,,43427.8099200579,453.267369128752,7487.51373496672
2021-01-26 21:26:08,,56323.954325513,0.0,7081.6655750287
2021-01-26 21:26:38,,62877.1329597553,559.013471835285,7140.40102167552
2021-01-26 21:27:07,,83220.0972103959,650.652626288693,5340.53877208881
2021-01-26 21:27:37,,37760.1055866554,528.645285146849,6791.14726313441
2021-01-26 21:28:06,,17683.5571273741,0.0,2083.88060192399
2021-01-26 21:28:36,,13052.0220760067,0.0,1543.43152876435
2021-01-26 21:29:06,,17608.7220022214,0.0,1741.19515452012
2021-01-26 21:29:35,,19754.9934624985,0.0,1523.35358353839
2021-01-26 21:30:05,,60792.7068173388,556.444321122484,6258.81338502009
2021-01-26 21:30:35,,50357.0041352866,572.908770152869,4680.33243689373
2021-01-26 21:31:04,,72955.6678037043,0.0,5354.30784668345
2021-01-26 21:31:34,,91530.1930557083,0.0,4590.53692632017
2021-01-26 21:32:03,,48172.6624425052,797.430888972115,6169.93585231329
2021-01-26 21:32:33,,85033.4072527637,475.502558480801,4820.06169457204
2021-01-26 21:33:03,,56224.1866567408,652.600058054222,6137.17676456313
2021-01-26 21:33:32,,45276.7046723872,0.0,4815.99127755165
2021-01-26 21:34:02,,63344.7807680497,0.0,5225.51518513033
2021-01-26 21:34:32,,63177.8848983458,620.036735365741,6122.90388968698
2021-01-26 21:35:01,,45493.0435881719,0.0,2974.24073610869
2021-01-26 21:35:31,,14115.0868484804,0.0,1966.19828730709
2021-01-26 21:36:00,,17457.2302166254,0.0,1971.9922328644
2021-01-26 21:36:30,,18364.9298388517,0.0,1532.44348390528
2021-01-26 21:37:00,,52145.0306151143,0.0,4157.73791119374
2021-01-26 21:37:29,,41600.1077794405,0.0,4787.98322549874
2021-01-26 21:37:59,,56960.6223898975,549.702688655571,4133.60669494579
2021-01-26 21:38:29,,42849.5165192348,385.929781104336,5791.73548777454
2021-01-26 21:38:58,,41771.0101762048,0.0,6595.77969158639
2021-01-26 21:39:28,,67030.0178672922,403.655698184938,4288.42383602728
26.01.2021 21:39:58.0002,,43127.4623400902,453.087886775017,5541.49364323233
2021-01-26 21:40:27,,41537.3513090503,516.479653022351,4529.10420044532
2021-01-26 21:40:57,,42132.6392970191,418.095468985305,6388.32555596207
2021-01-26 21:41:26,,48671.1600152148,499.444634879268,5131.01417824581
2021-01-26 21:41:56,,62502.1530322896,0.0,4933.49202490724
2021-01-26 21:42:26,,21097.801930038,0.0,2143.33921325508
2021-01-26 21:42:55,,14397.9800524194,0.0,1474.12322314354
2021-01-26 21:43:25,,0.0,0.0,1123.53252147368
2021-01-26 21:43:54,,15787.9620166816,0.0,2162.45192704094
2021-01-26 21:44:24,,79713.8987894807,0.0,5493.04004071935
2021-01-26 21:44:54,,48874.40507649,0.0,5844.11044040569
2021-01-26 21:45:23,,33560.7056743127,0.0,6312.98689722039
2021-01-26 21:45:53,,43426.7667683254,0.0,6303.02996828767
2021-01-26 21:46:23,,62206.4273554256,0.0,5251.4490883515
2021-01-26 21:46:52,,56038.3534738374,0.0,5136.35129607624
2021-01-26 21:47:22,,65265.3427063143,0.0,4370.88754996533
2021-01-26 21:47:51,,37779.8677479991,0.0,4319.05126483536
2021-01-26 21:48:21,,76907.1162431865,0.0,5183.12397780212
2021-01-26 21:48:51,,35709.9704432656,508.643088067385,4648.93329416806
2021-01-26 21:49:20,,50926.5697953037,428.977442865479,4836.4720117786
2021-01-26 21:49:50,,20391.1507675504,0.0,1705.83939259108
2021-01-26 21:50:20,,0.0,0.0,1974.09549567766
2021-01-26 21:50:49,,24000.020633037,0.0,1339.99384669361
2021-01-26 21:51:19,,48300.8343950324,631.926511605668,5260.72505416845
2021-01-26 21:51:48,,60349.3308858693,0.0,6911.18477360761
2021-01-26 21:52:18,,34262.233591196,0.0,4708.14522953421
2021-01-26 21:52:48,,45043.2390955675,0.0,5086.32387798607
2021-01-26 21:53:17,,35144.0631331644,489.962758732401,4128.87682881576
2021-01-26 21:53:47,,54895.0539218002,529.885042103655,5197.57226987107
2021-01-26 21:54:17,,49750.4214430079,420.217046185531,5097.4592952996
2021-01-26 21:54:46,,59716.6838371079,353.474992548072,4648.72159104631
2021-01-26 21:55:16,,51571.553958584,0.0,4619.04489566071
2021-01-26 21:55:45,,48163.941953593,0.0,4444.63737854559
2021-01-26 21:56:15,,52042.4863459478,0.0,5069.81614244589
2021-01-26 21:56:45,,17122.7707172438,0.0,1516.03933319945
2021-01-26 21:57:14,,17951.5633474618,0.0,1918.9867700274
2021-01-26 21:57:44,,14776.2621166424,0.0,1786.88158615497
2021-01-26 21:58:14,,0.0,0.0,1765.17954990651
2021-01-26 21:58:43,,28647.7705998175,0.0,3509.360727387
2021-01-26 21:59:13,,42341.9066111604,510.919151321369,4103.4566491671
2021-01-26 21:59:42,,58556.8234356609,486.826883070494,5586.30000825688
2021-01-26 22:00:12,,41112.9609482388,361.942171605128,4699.22107857242
2021-01-26 22:00:42,,44133.7153932098,482.322944692909,4288.09578116619
2021-01-26 22:01:11,,50123.311813531,748.680041578457,4978.76038480273
2021-01-26 22:01:41,,34247.4228100555,0.0,6762.27767121118
2021-01-26 22:02:11,,48629.8742372192,0.0,4327.74072656554
2021-01-26 22:02:40,,48398.8622832587,588.481056662125,6094.76413826154
2021-01-26 22:03:10,,94974.2183997219,0.0,5046.95015061753
2021-01-26 22:03:39,,23394.2117265953,0.0,1983.38307355397
2021-01-26 22:04:09,,12408.6125483063,0.0,1174.02455094249
2021-01-26 22:04:39,,16754.4127662524,0.0,1276.14122829583
2021-01-26 22:05:08,,20897.2965790873,0.0,1690.70693003341
2021-01-26 22:05:38,,34653.7965073996,0.0,4348.36749619017
2021-01-26 22:06:07,,40359.4870917627,510.926796740801,5222.33615093035
2021-01-26 22:06:37,,41517.4660518663,408.385131895101,5102.29499907426
2021-01-26 22:07:07,,59971.5331646658,0.0,5901.92618435107
2021-01-26 22:07:36,,38361.120542651,455.89662205304,4724.21286232681
2021-01-26 22:08:06,,52731.2581680731,508.979482347144,4865.01421947786
2021-01-26 22:08:36,,64173.2215635411,411.535059466981,4700.44165504395
2021-01-26 22:09:05,,52256.4673733426,580.796797599348,5171.1714730175
2021-01-26 22:09:35,,65119.4052142865,0.0,5249.03018632025
2021-01-26 22:10:04,,79825.2620043236,0.0,5778.74720339803
2021-01-26 22:10:34,,77448.1478200925,500.681586546239,4254.44281014238
2021-01-26 22:11:04,,20734.291216199,0.0,2005.80023911964
2021-01-26 22:11:33,,14900.427598016,0.0,1543.94948956307
2021-01-26 22:12:03,,13530.0743860607,0.0,1465.43241644476
26.01.2021 22:12:33.054,,0.0,0.0,1851.60856214639
2021-01-26 22:13:02,,68846.8127713937,418.901871869404,4494.77137615837
2021-01-26 22:13:32,,54315.7075462186,0.0,4370.41273205829
2021-01-26 22:14:01,,32863.8577688534,0.0,4527.41222435751
2021-01-26 22:14:31,,43045.3297108144,687.640336443649,5130.73139035112
2021-01-26 22:15:01,,51456.307129464,556.361519210264,4488.24071472973
2021-01-26 22:15:30,,39773.4078388307,0.0,4791.62996007137
2021-01-26 22:16:00,,54629.1769030183,0.0,4420.10045988995
26.01.2021 22:16:30.003,,36049.9413172526,516.354997545173,4960.43888712909
2021-01-26 22:16:59,,49394.9495134965,0.0,5029.90216135829
2021-01-26 22:17:29,,51331.9673791301,0.0,6101.10583804833
2021-01-26 22:17:58,,41162.2682806511,0.0,2361.34722042023
2021-01-26 22:18:28,,16483.9514845029,0.0,1563.10012831789
2021-01-26 22:18:58,,15363.8600133193,0.0,2087.21759310319
2021-01-26 22:19:27,,14934.6152909708,0.0,960.706917316946
2021-01-26 22:19:57,,44013.5258981511,0.0,3651.928961566
2021-01-26 22:20:27,,65032.840887312,0.0,4776.37967419933
